-0.691411,4.547726,1.381597,2.006749,1.359412,-1.359412,2.086476,-0.306108,-1.634045,1.771873,-0.512261,-1.106797
1.143900,0.573811,0.463112,-0.463096,-0.735612,0.735612,-0.479277,-0.306108,0.611978,1.771873,-0.512261,-1.106797
1.584375,-0.377696,-0.455372,-0.463096,-0.735612,0.735612,-0.479277,-0.306108,0.611978,-0.564374,1.952130,-1.106797
0.850250,-0.377696,-0.455372,-0.463096,1.359412,-1.359412,-0.479277,-0.306108,0.611978,-0.564374,1.952130,-1.106797
-0.985061,-0.493734,-0.455372,-0.463096,-0.735612,0.735612,-0.479277,-0.306108,0.611978,-0.564374,-0.512261,0.903508
-0.544586,-0.362059,-0.455372,-0.463096,1.359412,-1.359412,2.086476,-0.306108,-1.634045,-0.564374,1.952130,-1.106797
1.070488,1.014260,0.463112,-0.463096,-0.735612,0.735612,-0.479277,-0.306108,0.611978,1.771873,-0.512261,-1.106797
-0.397761,-0.480896,-0.455372,-0.463096,1.359412,-1.359412,-0.479277,-0.306108,0.611978,-0.564374,-0.512261,0.903508
-0.876117,-0.481390,-0.455372,2.006749,1.359412,-1.359412,-0.479277,3.266823,-1.634045,-0.564374,-0.512261,0.903508
-0.397761,-0.491676,-0.455372,-0.463096,-0.735612,0.735612,2.086476,-0.306108,-1.634045,-0.564374,-0.512261,0.903508
0.262951,-0.219688,0.463112,-0.463096,-0.735612,0.735612,-0.479277,-0.306108,0.611978,-0.564374,1.952130,-1.106797
2.979211,0.049997,-0.455372,-0.463096,-0.735612,0.735612,2.086476,-0.306108,-1.634045,1.771873,-0.512261,-1.106797
0.262951,-0.180186,-0.455372,0.771827,1.359412,-1.359412,-0.479277,-0.306108,0.611978,-0.564374,1.952130,-1.106797
0.116126,-0.481390,-0.455372,-0.463096,-0.735612,0.735612,-0.479277,3.266823,-1.634045,-0.564374,-0.512261,0.903508
-0.544586,-0.478510,-0.455372,-0.463096,-0.735612,0.735612,-0.479277,-0.306108,0.611978,-0.564374,-0.512261,0.903508
-0.265619,-0.478510,-0.455372,-0.463096,-0.735612,0.735612,-0.479277,-0.306108,0.611978,-0.564374,-0.512261,0.903508
0.850250,-0.377696,-0.455372,-0.463096,-0.735612,0.735612,-0.479277,-0.306108,0.611978,-0.564374,1.952130,-1.106797
1.283384,-0.481390,-0.455372,-0.463096,1.359412,-1.359412,-0.479277,3.266823,-1.634045,-0.564374,-0.512261,0.903508
-0.177524,-0.478510,-0.455372,-0.463096,-0.735612,0.735612,-0.479277,-0.306108,0.611978,-0.564374,-0.512261,0.903508
-2.086247,-0.083405,2.300082,2.006749,1.359412,-1.359412,-0.479277,-0.306108,0.611978,-0.564374,-0.512261,0.903508
0.409776,1.735668,0.463112,2.006749,-0.735612,0.735612,-0.479277,-0.306108,0.611978,1.771873,-0.512261,-1.106797
-0.250936,-0.348974,0.463112,-0.463096,-0.735612,0.735612,2.086476,-0.306108,-1.634045,-0.564374,-0.512261,0.903508
1.224654,-0.086945,-0.455372,-0.463096,-0.735612,0.735612,2.086476,-0.306108,-1.634045,1.771873,-0.512261,-1.106797
1.804612,-0.318443,-0.455372,-0.463096,1.359412,-1.359412,-0.479277,-0.306108,0.611978,-0.564374,1.952130,-1.106797
-0.676728,-0.333339,0.463112,0.771827,-0.735612,0.735612,2.086476,-0.306108,-1.634045,-0.564374,-0.512261,0.903508
1.510962,-0.387078,-0.455372,-0.463096,-0.735612,0.735612,-0.479277,-0.306108,0.611978,-0.564374,1.952130,-1.106797
-0.471174,0.929824,-0.455372,-0.463096,-0.735612,0.735612,2.086476,-0.306108,-1.634045,1.771873,-0.512261,-1.106797
0.336363,-0.427074,-0.455372,-0.463096,-0.735612,0.735612,-0.479277,-0.306108,0.611978,-0.564374,1.952130,-1.106797
-0.544586,-0.479331,-0.455372,-0.463096,-0.735612,0.735612,-0.479277,-0.306108,0.611978,-0.564374,-0.512261,0.903508
-0.764823,-0.475464,-0.455372,-0.463096,-0.735612,0.735612,-0.479277,-0.306108,0.611978,-0.564374,-0.512261,0.903508
0.630013,-0.016746,0.463112,5.711516,-0.735612,0.735612,-0.479277,-0.306108,0.611978,-0.564374,-0.512261,0.903508
-0.838236,-0.041928,-0.455372,-0.463096,1.359412,-1.359412,-0.479277,-0.306108,0.611978,1.771873,-0.512261,-1.106797
-0.265619,0.202985,-0.455372,-0.463096,-0.735612,0.735612,-0.479277,-0.306108,0.611978,1.771873,-0.512261,-1.106797
1.107194,-0.071555,-0.455372,-0.463096,-0.735612,0.735612,-0.479277,-0.306108,0.611978,1.771873,-0.512261,-1.106797
1.437550,-0.427074,-0.455372,-0.463096,1.359412,-1.359412,-0.479277,-0.306108,0.611978,-0.564374,1.952130,-1.106797
1.283384,-0.481390,-0.455372,-0.463096,-0.735612,0.735612,-0.479277,3.266823,-1.634045,-0.564374,-0.512261,0.903508
-0.390420,-0.475464,-0.455372,-0.463096,1.359412,-1.359412,-0.479277,-0.306108,0.611978,-0.564374,-0.512261,0.903508
-0.177524,-0.160435,0.463112,-0.463096,1.359412,-1.359412,2.086476,-0.306108,-1.634045,-0.564374,1.952130,-1.106797
-0.272960,-0.333339,-0.455372,2.006749,1.359412,-1.359412,2.086476,-0.306108,-1.634045,-0.564374,-0.512261,0.903508
-0.985061,-0.477933,3.218567,2.006749,1.359412,-1.359412,-0.479277,-0.306108,0.611978,-0.564374,-0.512261,0.903508
0.483188,-0.480896,-0.455372,-0.463096,-0.735612,0.735612,-0.479277,-0.306108,0.611978,-0.564374,-0.512261,0.903508
0.409776,-0.290792,0.463112,-0.463096,1.359412,-1.359412,-0.479277,-0.306108,0.611978,-0.564374,-0.512261,0.903508
0.850250,-0.377696,-0.455372,-0.463096,-0.735612,0.735612,-0.479277,-0.306108,0.611978,-0.564374,1.952130,-1.106797
0.923663,-0.507066,-0.455372,-0.463096,-0.735612,0.735612,-0.479277,-0.306108,0.611978,-0.564374,-0.512261,0.903508
1.261360,-0.122414,-0.455372,-0.463096,-0.735612,0.735612,-0.479277,-0.306108,0.611978,1.771873,-0.512261,-1.106797
1.187947,-0.360661,-0.455372,-0.463096,-0.735612,0.735612,2.086476,-0.306108,-1.634045,-0.564374,1.952130,-1.106797
-0.265619,-0.328319,0.463112,-0.463096,1.359412,-1.359412,-0.479277,3.266823,-1.634045,-0.564374,-0.512261,0.903508
0.189538,-0.478510,-0.455372,-0.463096,-0.735612,0.735612,2.086476,-0.306108,-1.634045,-0.564374,-0.512261,0.903508
0.321681,-0.157472,-0.455372,-0.463096,-0.735612,0.735612,-0.479277,3.266823,-1.634045,-0.564374,-0.512261,0.903508
-0.617998,-0.491265,-0.455372,-0.463096,-0.735612,0.735612,-0.479277,-0.306108,0.611978,-0.564374,-0.512261,0.903508
0.850250,-0.463367,-0.455372,-0.463096,-0.735612,0.735612,-0.479277,-0.306108,0.611978,-0.564374,-0.512261,0.903508
0.409776,1.735668,0.463112,2.006749,1.359412,-1.359412,-0.479277,-0.306108,0.611978,1.771873,-0.512261,-1.106797
-0.397761,-0.480896,0.463112,-0.463096,-0.735612,0.735612,-0.479277,-0.306108,0.611978,-0.564374,-0.512261,0.903508
-0.177524,-0.478510,-0.455372,-0.463096,-0.735612,0.735612,-0.479277,-0.306108,0.611978,-0.564374,-0.512261,0.903508
-0.104111,-0.041928,-0.455372,-0.463096,-0.735612,0.735612,-0.479277,-0.306108,0.611978,1.771873,-0.512261,-1.106797
0.630013,-0.059210,-0.455372,5.711516,1.359412,-1.359412,-0.479277,3.266823,-1.634045,-0.564374,-0.512261,0.903508
-0.911648,-0.348974,-0.455372,0.771827,1.359412,-1.359412,2.086476,-0.306108,-1.634045,-0.564374,-0.512261,0.903508
-0.390420,-0.475464,-0.455372,-0.463096,-0.735612,0.735612,-0.479277,-0.306108,0.611978,-0.564374,-0.512261,0.903508
1.878024,-0.028185,-0.455372,-0.463096,-0.735612,0.735612,2.086476,-0.306108,-1.634045,1.771873,-0.512261,-1.106797
-0.324349,-0.463367,1.381597,-0.463096,-0.735612,0.735612,-0.479277,-0.306108,0.611978,-0.564374,-0.512261,0.903508
-0.691411,-0.463367,-0.455372,-0.463096,-0.735612,0.735612,-0.479277,-0.306108,0.611978,-0.564374,-0.512261,0.903508
-1.058473,-0.427074,-0.455372,-0.463096,-0.735612,0.735612,-0.479277,-0.306108,0.611978,-0.564374,1.952130,-1.106797
-1.866010,-0.388066,-0.455372,-0.463096,1.359412,-1.359412,-0.479277,-0.306108,0.611978,-0.564374,-0.512261,0.903508
-0.104111,0.680961,0.463112,-0.463096,-0.735612,0.735612,-0.479277,-0.306108,0.611978,1.771873,-0.512261,-1.106797
-0.471174,-0.493404,-0.455372,-0.463096,-0.735612,0.735612,-0.479277,-0.306108,0.611978,-0.564374,-0.512261,0.903508
0.534577,-0.634460,-0.455372,-0.463096,-0.735612,0.735612,-0.479277,-0.306108,0.611978,1.771873,-0.512261,-1.106797
-2.012835,-0.264128,0.463112,0.771827,-0.735612,0.735612,-0.479277,-0.306108,0.611978,-0.564374,1.952130,-1.106797
-0.030699,-0.377696,-0.455372,-0.463096,1.359412,-1.359412,-0.479277,-0.306108,0.611978,-0.564374,1.952130,-1.106797
0.042713,-0.477933,-0.455372,-0.463096,-0.735612,0.735612,-0.479277,-0.306108,0.611978,-0.564374,-0.512261,0.903508
-1.058473,-0.278941,1.381597,-0.463096,-0.735612,0.735612,-0.479277,-0.306108,0.611978,-0.564374,-0.512261,0.903508
2.024849,2.259482,-0.455372,-0.463096,1.359412,-1.359412,2.086476,-0.306108,-1.634045,1.771873,-0.512261,-1.106797
-0.030699,-0.446825,-0.455372,-0.463096,-0.735612,0.735612,-0.479277,-0.306108,0.611978,-0.564374,-0.512261,0.903508
0.006007,-0.475464,-0.455372,-0.463096,-0.735612,0.735612,-0.479277,-0.306108,0.611978,-0.564374,-0.512261,0.903508
-1.131885,-0.348974,0.463112,-0.463096,1.359412,-1.359412,2.086476,-0.306108,-1.634045,-0.564374,-0.512261,0.903508
-0.390420,-0.475464,-0.455372,-0.463096,-0.735612,0.735612,-0.479277,-0.306108,0.611978,-0.564374,-0.512261,0.903508
-1.058473,0.510691,-0.455372,0.771827,1.359412,-1.359412,2.086476,-0.306108,-1.634045,1.771873,-0.512261,-1.106797
-0.691411,-0.477933,-0.455372,-0.463096,-0.735612,0.735612,-0.479277,-0.306108,0.611978,-0.564374,-0.512261,0.903508
-1.719185,-0.115995,-0.455372,2.006749,1.359412,-1.359412,-0.479277,-0.306108,0.611978,-0.564374,1.952130,-1.106797
2.942505,-0.481390,-0.455372,-0.463096,-0.735612,0.735612,-0.479277,3.266823,-1.634045,-0.564374,-0.512261,0.903508
-0.030699,-0.377696,-0.455372,-0.463096,-0.735612,0.735612,-0.479277,-0.306108,0.611978,-0.564374,1.952130,-1.106797
-0.001334,-0.497190,-0.455372,-0.463096,-0.735612,0.735612,-0.479277,3.266823,-1.634045,-0.564374,-0.512261,0.903508
-0.985061,1.516431,0.463112,-0.463096,1.359412,-1.359412,2.086476,-0.306108,-1.634045,1.771873,-0.512261,-1.106797
-0.030699,0.489952,-0.455372,-0.463096,1.359412,-1.359412,2.086476,-0.306108,-1.634045,1.771873,-0.512261,-1.106797
1.804612,-0.032053,-0.455372,-0.463096,-0.735612,0.735612,-0.479277,-0.306108,0.611978,1.771873,-0.512261,-1.106797
-0.397761,-0.041928,0.463112,0.771827,1.359412,-1.359412,-0.479277,-0.306108,0.611978,-0.564374,1.952130,-1.106797
-0.294984,-0.491759,-0.455372,-0.463096,-0.735612,0.735612,2.086476,-0.306108,-1.634045,-0.564374,-0.512261,0.903508
0.042713,-0.479331,-0.455372,-0.463096,1.359412,-1.359412,-0.479277,-0.306108,0.611978,-0.564374,-0.512261,0.903508
0.747473,0.017325,-0.455372,-0.463096,1.359412,-1.359412,-0.479277,-0.306108,0.611978,-0.564374,1.952130,-1.106797
-0.294984,-0.316468,0.463112,-0.463096,1.359412,-1.359412,-0.479277,-0.306108,0.611978,-0.564374,-0.512261,0.903508
0.042713,0.096412,0.463112,0.771827,-0.735612,0.735612,2.086476,-0.306108,-1.634045,-0.564374,1.952130,-1.106797
-0.911648,-0.480485,-0.455372,-0.463096,-0.735612,0.735612,-0.479277,-0.306108,0.611978,-0.564374,-0.512261,0.903508
-0.294984,-0.316468,0.463112,-0.463096,-0.735612,0.735612,-0.479277,-0.306108,0.611978,-0.564374,-0.512261,0.903508
0.923663,0.291865,0.463112,6.946439,1.359412,-1.359412,-0.479277,-0.306108,0.611978,-0.564374,-0.512261,0.903508
1.510962,0.577844,-0.455372,0.771827,-0.735612,0.735612,2.086476,-0.306108,-1.634045,1.771873,-0.512261,-1.106797
0.666719,-0.481883,-0.455372,-0.463096,-0.735612,0.735612,-0.479277,3.266823,-1.634045,-0.564374,-0.512261,0.903508
-2.159660,0.149410,3.218567,0.771827,-0.735612,0.735612,-0.479277,-0.306108,0.611978,-0.564374,-0.512261,0.903508
0.409776,-0.120933,0.463112,-0.463096,1.359412,-1.359412,-0.479277,-0.306108,0.611978,-0.564374,1.952130,-1.106797
-0.177524,-0.479331,-0.455372,-0.463096,-0.735612,0.735612,-0.479277,-0.306108,0.611978,-0.564374,-0.512261,0.903508
0.116126,-0.477933,-0.455372,-0.463096,-0.735612,0.735612,-0.479277,-0.306108,0.611978,-0.564374,-0.512261,0.903508
-0.390420,-0.475464,-0.455372,-0.463096,-0.735612,0.735612,-0.479277,-0.306108,0.611978,-0.564374,-0.512261,0.903508
-1.792597,-0.016746,3.218567,2.006749,1.359412,-1.359412,-0.479277,-0.306108,0.611978,-0.564374,-0.512261,0.903508
2.098262,-0.367821,-0.455372,-0.463096,-0.735612,0.735612,-0.479277,-0.306108,0.611978,-0.564374,1.952130,-1.106797
-0.104111,-0.333339,-0.455372,2.006749,1.359412,-1.359412,2.086476,-0.306108,-1.634045,-0.564374,-0.512261,0.903508
-1.205298,-0.412425,0.463112,-0.463096,1.359412,-1.359412,2.086476,-0.306108,-1.634045,-0.564374,-0.512261,0.903508
-0.324349,-0.478510,-0.455372,-0.463096,-0.735612,0.735612,-0.479277,-0.306108,0.611978,-0.564374,-0.512261,0.903508
-0.691411,0.905299,-0.455372,-0.463096,1.359412,-1.359412,-0.479277,-0.306108,0.611978,1.771873,-0.512261,-1.106797
0.850250,-0.101181,0.463112,-0.463096,-0.735612,0.735612,-0.479277,-0.306108,0.611978,-0.564374,1.952130,-1.106797
-0.691411,-0.440406,0.463112,-0.463096,1.359412,-1.359412,-0.479277,-0.306108,0.611978,-0.564374,-0.512261,0.903508
1.283384,-0.481390,-0.455372,-0.463096,-0.735612,0.735612,-0.479277,3.266823,-1.634045,-0.564374,-0.512261,0.903508
-0.265619,-0.478510,-0.455372,-0.463096,-0.735612,0.735612,-0.479277,-0.306108,0.611978,-0.564374,-0.512261,0.903508
-0.397761,-0.480896,0.463112,-0.463096,-0.735612,0.735612,-0.479277,-0.306108,0.611978,-0.564374,-0.512261,0.903508
-2.012835,0.186773,0.463112,2.006749,1.359412,-1.359412,2.086476,-0.306108,-1.634045,-0.564374,1.952130,-1.106797
-0.911648,-0.470526,-0.455372,-0.463096,-0.735612,0.735612,-0.479277,-0.306108,0.611978,-0.564374,-0.512261,0.903508
0.409776,-0.115254,-0.455372,-0.463096,-0.735612,0.735612,-0.479277,-0.306108,0.611978,1.771873,-0.512261,-1.106797
0.336363,-0.234501,0.463112,0.771827,1.359412,-1.359412,-0.479277,-0.306108,0.611978,-0.564374,-0.512261,0.903508
1.731199,-0.357945,-0.455372,-0.463096,-0.735612,0.735612,-0.479277,-0.306108,0.611978,-0.564374,1.952130,-1.106797
-0.617998,-0.478510,-0.455372,-0.463096,-0.735612,0.735612,-0.479277,-0.306108,0.611978,-0.564374,-0.512261,0.903508
-0.104111,-0.120933,0.463112,-0.463096,1.359412,-1.359412,-0.479277,-0.306108,0.611978,-0.564374,1.952130,-1.106797
0.116126,0.481392,-0.455372,-0.463096,-0.735612,0.735612,-0.479277,-0.306108,0.611978,-0.564374,-0.512261,0.903508
-2.159660,-0.228082,0.463112,2.006749,-0.735612,0.735612,-0.479277,-0.306108,0.611978,-0.564374,-0.512261,0.903508
-0.397761,-0.491676,-0.455372,-0.463096,-0.735612,0.735612,2.086476,-0.306108,-1.634045,-0.564374,-0.512261,0.903508
0.336363,-0.475464,-0.455372,-0.463096,-0.735612,0.735612,-0.479277,-0.306108,0.611978,-0.564374,-0.512261,0.903508
0.409776,-0.377696,-0.455372,-0.463096,1.359412,-1.359412,-0.479277,-0.306108,0.611978,-0.564374,1.952130,-1.106797
0.152832,-0.040530,0.463112,-0.463096,-0.735612,0.735612,2.086476,-0.306108,-1.634045,-0.564374,1.952130,-1.106797
1.143900,-0.120933,-0.455372,-0.463096,-0.735612,0.735612,-0.479277,-0.306108,0.611978,-0.564374,1.952130,-1.106797
0.997075,-0.316468,-0.455372,0.771827,-0.735612,0.735612,-0.479277,-0.306108,0.611978,-0.564374,-0.512261,0.903508
-1.939422,-0.369466,-0.455372,0.771827,1.359412,-1.359412,2.086476,-0.306108,-1.634045,-0.564374,-0.512261,0.903508
-1.131885,3.539681,-0.455372,0.771827,1.359412,-1.359412,-0.479277,-0.306108,0.611978,1.771873,-0.512261,-1.106797
-0.104111,-0.478838,-0.455372,-0.463096,1.359412,-1.359412,-0.479277,3.266823,-1.634045,-0.564374,-0.512261,0.903508
-2.086247,-0.391769,-0.455372,0.771827,1.359412,-1.359412,-0.479277,-0.306108,0.611978,-0.564374,-0.512261,0.903508
0.336363,1.014260,0.463112,-0.463096,1.359412,-1.359412,-0.479277,-0.306108,0.611978,1.771873,-0.512261,-1.106797
-2.012835,-0.320418,0.463112,0.771827,-0.735612,0.735612,-0.479277,-0.306108,0.611978,-0.564374,-0.512261,0.903508
-0.838236,-0.475464,-0.455372,-0.463096,-0.735612,0.735612,-0.479277,-0.306108,0.611978,-0.564374,-0.512261,0.903508
-0.177524,-0.478510,-0.455372,-0.463096,1.359412,-1.359412,-0.479277,-0.306108,0.611978,-0.564374,-0.512261,0.903508
2.538736,-0.110069,-0.455372,-0.463096,-0.735612,0.735612,-0.479277,-0.306108,0.611978,1.771873,-0.512261,-1.106797
1.070488,-0.481390,-0.455372,-0.463096,1.359412,-1.359412,-0.479277,-0.306108,0.611978,-0.564374,-0.512261,0.903508
0.336363,9.484589,-0.455372,-0.463096,1.359412,-1.359412,2.086476,-0.306108,-1.634045,1.771873,-0.512261,-1.106797
0.446482,-0.120933,-0.455372,2.006749,-0.735612,0.735612,-0.479277,-0.306108,0.611978,-0.564374,1.952130,-1.106797
0.050055,-0.491265,-0.455372,-0.463096,-0.735612,0.735612,-0.479277,-0.306108,0.611978,-0.564374,-0.512261,0.903508
-1.058473,-0.475464,-0.455372,-0.463096,-0.735612,0.735612,-0.479277,-0.306108,0.611978,-0.564374,-0.512261,0.903508
-0.030699,-0.157472,0.463112,0.771827,1.359412,-1.359412,-0.479277,-0.306108,0.611978,-0.564374,-0.512261,0.903508
-0.339031,-0.446825,-0.455372,-0.463096,-0.735612,0.735612,-0.479277,-0.306108,0.611978,-0.564374,-0.512261,0.903508
0.923663,-0.115995,0.463112,0.771827,-0.735612,0.735612,-0.479277,-0.306108,0.611978,-0.564374,1.952130,-1.106797
-0.471174,-0.101181,1.381597,0.771827,1.359412,-1.359412,-0.479277,-0.306108,0.611978,-0.564374,1.952130,-1.106797
-0.434467,-0.475464,-0.455372,-0.463096,-0.735612,0.735612,-0.479277,-0.306108,0.611978,-0.564374,-0.512261,0.903508
-0.030699,1.074007,-0.455372,-0.463096,1.359412,-1.359412,-0.479277,-0.306108,0.611978,1.771873,-0.512261,-1.106797
-0.617998,2.358814,-0.455372,-0.463096,1.359412,-1.359412,-0.479277,-0.306108,0.611978,1.771873,-0.512261,-1.106797
0.850250,0.403541,0.463112,-0.463096,-0.735612,0.735612,-0.479277,-0.306108,0.611978,1.771873,-0.512261,-1.106797
1.290725,-0.110069,-0.455372,-0.463096,-0.735612,0.735612,-0.479277,-0.306108,0.611978,1.771873,-0.512261,-1.106797
1.158582,0.147682,-0.455372,-0.463096,-0.735612,0.735612,2.086476,-0.306108,-1.634045,1.771873,-0.512261,-1.106797
-0.838236,1.164451,0.463112,-0.463096,1.359412,-1.359412,2.086476,-0.306108,-1.634045,1.771873,-0.512261,-1.106797
0.740132,-0.348070,-0.455372,2.006749,-0.735612,0.735612,-0.479277,-0.306108,0.611978,-0.564374,-0.512261,0.903508
-1.572360,-0.083405,2.300082,2.006749,1.359412,-1.359412,-0.479277,-0.306108,0.611978,-0.564374,-0.512261,0.903508
-0.030699,-0.022177,-0.455372,-0.463096,1.359412,-1.359412,2.086476,-0.306108,-1.634045,1.771873,-0.512261,-1.106797
-0.133476,-0.495215,-0.455372,-0.463096,-0.735612,0.735612,-0.479277,-0.306108,0.611978,-0.564374,-0.512261,0.903508
-0.324349,-0.427074,-0.455372,-0.463096,-0.735612,0.735612,-0.479277,-0.306108,0.611978,-0.564374,1.952130,-1.106797
0.336363,-0.219688,-0.455372,-0.463096,1.359412,-1.359412,-0.479277,-0.306108,0.611978,-0.564374,1.952130,-1.106797
2.245086,-0.511263,-0.455372,-0.463096,-0.735612,0.735612,-0.479277,-0.306108,0.611978,-0.564374,-0.512261,0.903508
-0.265619,-0.473736,-0.455372,-0.463096,1.359412,-1.359412,-0.479277,3.266823,-1.634045,-0.564374,-0.512261,0.903508
0.336363,1.143136,0.463112,-0.463096,1.359412,-1.359412,-0.479277,-0.306108,0.611978,1.771873,-0.512261,-1.106797
-0.838236,-0.120933,0.463112,-0.463096,1.359412,-1.359412,-0.479277,-0.306108,0.611978,-0.564374,1.952130,-1.106797
-0.397761,-0.491676,-0.455372,-0.463096,-0.735612,0.735612,2.086476,-0.306108,-1.634045,-0.564374,-0.512261,0.903508
-0.104111,-0.478838,-0.455372,-0.463096,1.359412,-1.359412,-0.479277,3.266823,-1.634045,-0.564374,-0.512261,0.903508
-0.617998,0.186773,0.463112,2.006749,1.359412,-1.359412,2.086476,-0.306108,-1.634045,-0.564374,1.952130,-1.106797
-0.397761,0.186773,0.463112,2.006749,-0.735612,0.735612,2.086476,-0.306108,-1.634045,-0.564374,1.952130,-1.106797
0.336363,-0.495215,-0.455372,-0.463096,-0.735612,0.735612,-0.479277,-0.306108,0.611978,-0.564374,-0.512261,0.903508
-0.265619,-0.478510,-0.455372,-0.463096,-0.735612,0.735612,-0.479277,-0.306108,0.611978,-0.564374,-0.512261,0.903508
-1.645773,0.091391,0.463112,0.771827,-0.735612,0.735612,-0.479277,-0.306108,0.611978,-0.564374,1.952130,-1.106797
2.905798,0.767866,0.463112,0.771827,-0.735612,0.735612,-0.479277,-0.306108,0.611978,1.771873,-0.512261,-1.106797
-1.645773,-0.059210,3.218567,0.771827,-0.735612,0.735612,-0.479277,3.266823,-1.634045,-0.564374,-0.512261,0.903508
1.143900,0.929824,-0.455372,-0.463096,-0.735612,0.735612,2.086476,-0.306108,-1.634045,1.771873,-0.512261,-1.106797
0.042713,-0.377696,-0.455372,-0.463096,-0.735612,0.735612,-0.479277,-0.306108,0.611978,-0.564374,1.952130,-1.106797
-0.390420,-0.475464,-0.455372,-0.463096,-0.735612,0.735612,-0.479277,-0.306108,0.611978,-0.564374,-0.512261,0.903508
-0.617998,-0.456701,-0.455372,-0.463096,-0.735612,0.735612,-0.479277,-0.306108,0.611978,-0.564374,-0.512261,0.903508
1.283384,-0.481390,-0.455372,-0.463096,1.359412,-1.359412,-0.479277,3.266823,-1.634045,-0.564374,-0.512261,0.903508
-0.294984,-0.491759,-0.455372,-0.463096,-0.735612,0.735612,2.086476,-0.306108,-1.634045,-0.564374,-0.512261,0.903508
0.233586,0.481392,-0.455372,-0.463096,-0.735612,0.735612,-0.479277,-0.306108,0.611978,-0.564374,-0.512261,0.903508
-0.617998,-0.485916,-0.455372,-0.463096,-0.735612,0.735612,-0.479277,-0.306108,0.611978,-0.564374,-0.512261,0.903508
-0.397761,-0.491676,-0.455372,-0.463096,-0.735612,0.735612,2.086476,-0.306108,-1.634045,-0.564374,-0.512261,0.903508
1.070488,2.621833,0.463112,0.771827,1.359412,-1.359412,-0.479277,-0.306108,0.611978,1.771873,-0.512261,-1.106797
0.336363,-0.120933,-0.455372,-0.463096,-0.735612,0.735612,-0.479277,-0.306108,0.611978,-0.564374,1.952130,-1.106797
0.262951,-0.110069,-0.455372,-0.463096,-0.735612,0.735612,-0.479277,-0.306108,0.611978,1.771873,-0.512261,-1.106797
-1.572360,-0.016746,3.218567,2.006749,1.359412,-1.359412,-0.479277,-0.306108,0.611978,-0.564374,-0.512261,0.903508
0.233586,0.451848,-0.455372,0.771827,1.359412,-1.359412,-0.479277,-0.306108,0.611978,1.771873,-0.512261,-1.106797
-0.471174,-0.120933,0.463112,-0.463096,1.359412,-1.359412,-0.479277,-0.306108,0.611978,-0.564374,1.952130,-1.106797
-1.058473,-0.452421,-0.455372,-0.463096,-0.735612,0.735612,-0.479277,-0.306108,0.611978,-0.564374,-0.512261,0.903508
0.336363,0.392595,0.463112,-0.463096,1.359412,-1.359412,-0.479277,-0.306108,0.611978,1.771873,-0.512261,-1.106797
0.534577,-0.634460,-0.455372,-0.463096,-0.735612,0.735612,-0.479277,-0.306108,0.611978,-0.564374,1.952130,-1.106797
2.245086,0.003910,-0.455372,-0.463096,-0.735612,0.735612,-0.479277,-0.306108,0.611978,1.771873,-0.512261,-1.106797
0.189538,-0.120933,-0.455372,2.006749,1.359412,-1.359412,-0.479277,-0.306108,0.611978,-0.564374,1.952130,-1.106797
2.538736,-0.481390,-0.455372,-0.463096,-0.735612,0.735612,-0.479277,3.266823,-1.634045,-0.564374,-0.512261,0.903508
-0.911648,-0.479331,0.463112,0.771827,-0.735612,0.735612,-0.479277,-0.306108,0.611978,-0.564374,-0.512261,0.903508
0.262951,-0.377696,-0.455372,-0.463096,-0.735612,0.735612,-0.479277,-0.306108,0.611978,-0.564374,1.952130,-1.106797
-0.529904,-0.171298,0.463112,2.006749,-0.735612,0.735612,-0.479277,-0.306108,0.611978,-0.564374,-0.512261,0.903508
-0.471174,-0.304617,-0.455372,2.006749,1.359412,-1.359412,-0.479277,-0.306108,0.611978,-0.564374,-0.512261,0.903508
2.024849,1.602842,-0.455372,2.006749,-0.735612,0.735612,2.086476,-0.306108,-1.634045,1.771873,-0.512261,-1.106797
-0.324349,-0.475464,-0.455372,-0.463096,-0.735612,0.735612,-0.479277,-0.306108,0.611978,-0.564374,-0.512261,0.903508
-0.985061,-0.463367,-0.455372,-0.463096,-0.735612,0.735612,-0.479277,-0.306108,0.611978,-0.564374,-0.512261,0.903508
-0.250936,-0.463367,-0.455372,-0.463096,-0.735612,0.735612,-0.479277,-0.306108,0.611978,-0.564374,-0.512261,0.903508
0.116126,-0.377696,-0.455372,-0.463096,1.359412,-1.359412,-0.479277,-0.306108,0.611978,-0.564374,1.952130,-1.106797
0.835568,0.392595,-0.455372,-0.463096,-0.735612,0.735612,-0.479277,-0.306108,0.611978,1.771873,-0.512261,-1.106797
-0.030699,-0.316468,0.463112,-0.463096,-0.735612,0.735612,-0.479277,-0.306108,0.611978,-0.564374,-0.512261,0.903508
-0.838236,-0.433576,-0.455372,-0.463096,-0.735612,0.735612,-0.479277,-0.306108,0.611978,-0.564374,-0.512261,0.903508
0.028031,-0.206273,1.381597,-0.463096,-0.735612,0.735612,2.086476,-0.306108,-1.634045,-0.564374,-0.512261,0.903508
2.538736,0.589695,-0.455372,0.771827,-0.735612,0.735612,2.086476,-0.306108,-1.634045,1.771873,-0.512261,-1.106797
-0.588633,-0.348893,0.463112,-0.463096,1.359412,-1.359412,2.086476,-0.306108,-1.634045,-0.564374,-0.512261,0.903508
-0.250936,-0.219688,0.463112,-0.463096,1.359412,-1.359412,-0.479277,-0.306108,0.611978,-0.564374,1.952130,-1.106797
1.584375,-0.367821,-0.455372,-0.463096,-0.735612,0.735612,-0.479277,-0.306108,0.611978,-0.564374,1.952130,-1.106797
-1.205298,-0.479331,-0.455372,-0.463096,1.359412,-1.359412,-0.479277,-0.306108,0.611978,-0.564374,-0.512261,0.903508
0.850250,-0.483365,-0.455372,-0.463096,-0.735612,0.735612,-0.479277,-0.306108,0.611978,-0.564374,-0.512261,0.903508
-0.250936,-0.360744,0.463112,-0.463096,1.359412,-1.359412,2.086476,-0.306108,-1.634045,-0.564374,1.952130,-1.106797
0.776838,0.149410,-0.455372,5.711516,1.359412,-1.359412,-0.479277,-0.306108,0.611978,-0.564374,-0.512261,0.903508
-0.104111,-0.219688,0.463112,-0.463096,-0.735612,0.735612,-0.479277,-0.306108,0.611978,-0.564374,1.952130,-1.106797
-2.086247,2.358814,0.463112,2.006749,1.359412,-1.359412,-0.479277,-0.306108,0.611978,1.771873,-0.512261,-1.106797
-0.691411,-0.481390,-0.455372,-0.463096,1.359412,-1.359412,-0.479277,3.266823,-1.634045,-0.564374,-0.512261,0.903508
-0.177524,0.017325,-0.455372,0.771827,-0.735612,0.735612,-0.479277,-0.306108,0.611978,-0.564374,1.952130,-1.106797
-2.012835,-0.218207,2.300082,0.771827,1.359412,-1.359412,-0.479277,-0.306108,0.611978,-0.564374,-0.512261,0.903508
-0.397761,-0.495215,-0.455372,-0.463096,-0.735612,0.735612,-0.479277,-0.306108,0.611978,-0.564374,-0.512261,0.903508
-0.192206,-0.481719,-0.455372,-0.463096,1.359412,-1.359412,-0.479277,3.266823,-1.634045,-0.564374,-0.512261,0.903508
-0.126135,-0.490031,-0.455372,-0.463096,-0.735612,0.735612,-0.479277,-0.306108,0.611978,-0.564374,-0.512261,0.903508
-0.265619,-0.478510,-0.455372,-0.463096,-0.735612,0.735612,-0.479277,-0.306108,0.611978,-0.564374,-0.512261,0.903508
-0.838236,-0.115337,-0.455372,2.006749,1.359412,-1.359412,-0.479277,-0.306108,0.611978,1.771873,-0.512261,-1.106797
2.465324,-0.120933,-0.455372,-0.463096,-0.735612,0.735612,-0.479277,-0.306108,0.611978,1.771873,-0.512261,-1.106797
1.070488,-0.110069,-0.455372,-0.463096,-0.735612,0.735612,-0.479277,-0.306108,0.611978,1.771873,-0.512261,-1.106797
0.299657,-0.507313,-0.455372,-0.463096,-0.735612,0.735612,2.086476,-0.306108,-1.634045,-0.564374,-0.512261,0.903508
-0.177524,-0.120933,0.463112,-0.463096,1.359412,-1.359412,-0.479277,-0.306108,0.611978,-0.564374,1.952130,-1.106797
2.318499,-0.110069,-0.455372,-0.463096,-0.735612,0.735612,-0.479277,-0.306108,0.611978,1.771873,-0.512261,-1.106797
0.116126,-0.478510,-0.455372,-0.463096,-0.735612,0.735612,-0.479277,-0.306108,0.611978,-0.564374,-0.512261,0.903508
0.409776,0.767866,-0.455372,2.006749,1.359412,-1.359412,-0.479277,-0.306108,0.611978,1.771873,-0.512261,-1.106797
-0.838236,-0.348070,-0.455372,-0.463096,-0.735612,0.735612,-0.479277,-0.306108,0.611978,-0.564374,-0.512261,0.903508
-1.278710,-0.249314,-0.455372,0.771827,1.359412,-1.359412,-0.479277,-0.306108,0.611978,-0.564374,1.952130,-1.106797
-0.471174,4.560071,2.300082,2.006749,1.359412,-1.359412,-0.479277,-0.306108,0.611978,1.771873,-0.512261,-1.106797
-1.939422,-0.180186,0.463112,0.771827,1.359412,-1.359412,-0.479277,-0.306108,0.611978,-0.564374,1.952130,-1.106797
2.391911,-0.445097,-0.455372,-0.463096,1.359412,-1.359412,-0.479277,-0.306108,0.611978,-0.564374,-0.512261,0.903508
0.703425,-0.491759,-0.455372,-0.463096,-0.735612,0.735612,2.086476,-0.306108,-1.634045,-0.564374,-0.512261,0.903508
-0.324349,-0.348974,0.463112,-0.463096,-0.735612,0.735612,2.086476,-0.306108,-1.634045,-0.564374,-0.512261,0.903508
0.776838,-0.235242,-0.455372,2.006749,1.359412,-1.359412,-0.479277,-0.306108,0.611978,-0.564374,-0.512261,0.903508
-0.544586,-0.377696,-0.455372,-0.463096,-0.735612,0.735612,-0.479277,-0.306108,0.611978,-0.564374,1.952130,-1.106797
0.850250,-0.468468,-0.455372,0.771827,-0.735612,0.735612,-0.479277,-0.306108,0.611978,-0.564374,-0.512261,0.903508
0.116126,-0.477933,-0.455372,-0.463096,-0.735612,0.735612,-0.479277,-0.306108,0.611978,-0.564374,-0.512261,0.903508
1.283384,-0.481390,-0.455372,-0.463096,-0.735612,0.735612,-0.479277,3.266823,-1.634045,-0.564374,-0.512261,0.903508
0.997075,-0.475464,-0.455372,-0.463096,-0.735612,0.735612,-0.479277,-0.306108,0.611978,-0.564374,-0.512261,0.903508
0.483188,-0.477933,1.381597,-0.463096,-0.735612,0.735612,-0.479277,-0.306108,0.611978,-0.564374,-0.512261,0.903508
-0.838236,0.091391,0.463112,0.771827,-0.735612,0.735612,-0.479277,-0.306108,0.611978,-0.564374,1.952130,-1.106797
0.630013,-0.157472,-0.455372,-0.463096,-0.735612,0.735612,-0.479277,-0.306108,0.611978,-0.564374,-0.512261,0.903508
0.630013,-0.120933,-0.455372,-0.463096,-0.735612,0.735612,-0.479277,-0.306108,0.611978,-0.564374,1.952130,-1.106797
-0.148159,-0.240097,0.463112,-0.463096,-0.735612,0.735612,-0.479277,-0.306108,0.611978,-0.564374,-0.512261,0.903508
0.233586,0.481392,-0.455372,-0.463096,-0.735612,0.735612,-0.479277,-0.306108,0.611978,-0.564374,-0.512261,0.903508
1.290725,-0.479331,-0.455372,-0.463096,-0.735612,0.735612,-0.479277,-0.306108,0.611978,-0.564374,-0.512261,0.903508
0.262951,-0.350045,0.463112,0.771827,-0.735612,0.735612,-0.479277,-0.306108,0.611978,-0.564374,-0.512261,0.903508
0.262951,2.005270,0.463112,-0.463096,1.359412,-1.359412,-0.479277,-0.306108,0.611978,1.771873,-0.512261,-1.106797
0.409776,0.158051,-0.455372,-0.463096,-0.735612,0.735612,2.086476,-0.306108,-1.634045,1.771873,-0.512261,-1.106797
0.189538,-0.480896,-0.455372,-0.463096,-0.735612,0.735612,-0.479277,-0.306108,0.611978,-0.564374,-0.512261,0.903508
-0.030699,-0.491265,-0.455372,-0.463096,-0.735612,0.735612,-0.479277,-0.306108,0.611978,-0.564374,-0.512261,0.903508
2.171674,0.135831,0.463112,0.771827,-0.735612,0.735612,-0.479277,-0.306108,0.611978,-0.564374,1.952130,-1.106797
-0.764823,-0.439995,-0.455372,-0.463096,-0.735612,0.735612,-0.479277,-0.306108,0.611978,-0.564374,-0.512261,0.903508
-2.086247,-0.120933,0.463112,0.771827,1.359412,-1.359412,-0.479277,-0.306108,0.611978,-0.564374,1.952130,-1.106797
-0.030699,-0.160435,0.463112,-0.463096,-0.735612,0.735612,2.086476,-0.306108,-1.634045,-0.564374,1.952130,-1.106797
-0.177524,-0.377696,-0.455372,-0.463096,-0.735612,0.735612,-0.479277,-0.306108,0.611978,-0.564374,1.952130,-1.106797
1.731199,0.538753,0.463112,-0.463096,1.359412,-1.359412,2.086476,-0.306108,-1.634045,1.771873,-0.512261,-1.106797
1.584375,0.911391,0.463112,-0.463096,1.359412,-1.359412,2.086476,-0.306108,-1.634045,1.771873,-0.512261,-1.106797
-1.939422,-0.199443,-0.455372,2.006749,1.359412,-1.359412,-0.479277,-0.306108,0.611978,-0.564374,-0.512261,0.903508
-0.838236,-0.120933,-0.455372,-0.463096,1.359412,-1.359412,-0.479277,-0.306108,0.611978,-0.564374,1.952130,-1.106797
-0.177524,0.066703,-0.455372,-0.463096,-0.735612,0.735612,-0.479277,-0.306108,0.611978,1.771873,-0.512261,-1.106797
-0.911648,-0.180186,-0.455372,0.771827,1.359412,-1.359412,-0.479277,-0.306108,0.611978,-0.564374,1.952130,-1.106797
-0.764823,-0.495215,-0.455372,-0.463096,-0.735612,0.735612,-0.479277,-0.306108,0.611978,-0.564374,-0.512261,0.903508
-0.030699,-0.427074,-0.455372,-0.463096,-0.735612,0.735612,-0.479277,-0.306108,0.611978,-0.564374,1.952130,-1.106797
-0.250936,-0.478510,-0.455372,-0.463096,-0.735612,0.735612,-0.479277,-0.306108,0.611978,-0.564374,-0.512261,0.903508
-0.985061,-0.427074,-0.455372,-0.463096,1.359412,-1.359412,-0.479277,-0.306108,0.611978,-0.564374,1.952130,-1.106797
-2.159660,0.135831,1.381597,0.771827,-0.735612,0.735612,-0.479277,-0.306108,0.611978,-0.564374,1.952130,-1.106797
-0.390420,-0.475464,-0.455372,-0.463096,-0.735612,0.735612,-0.479277,-0.306108,0.611978,-0.564374,-0.512261,0.903508
-0.617998,-0.480896,-0.455372,-0.463096,1.359412,-1.359412,-0.479277,-0.306108,0.611978,-0.564374,-0.512261,0.903508
-0.764823,-0.452257,-0.455372,-0.463096,-0.735612,0.735612,-0.479277,-0.306108,0.611978,-0.564374,-0.512261,0.903508
0.336363,-0.115254,-0.455372,-0.463096,-0.735612,0.735612,-0.479277,-0.306108,0.611978,1.771873,-0.512261,-1.106797
0.409776,-0.377696,-0.455372,-0.463096,-0.735612,0.735612,-0.479277,-0.306108,0.611978,-0.564374,1.952130,-1.106797
0.556600,0.739227,6.892507,2.006749,-0.735612,0.735612,-0.479277,-0.306108,0.611978,-0.564374,-0.512261,0.903508
-1.792597,0.017325,-0.455372,0.771827,1.359412,-1.359412,-0.479277,-0.306108,0.611978,-0.564374,1.952130,-1.106797
1.070488,-0.496697,-0.455372,-0.463096,-0.735612,0.735612,-0.479277,-0.306108,0.611978,-0.564374,-0.512261,0.903508
-0.397761,0.460573,0.463112,-0.463096,-0.735612,0.735612,2.086476,-0.306108,-1.634045,1.771873,-0.512261,-1.106797
-0.544586,-0.407323,1.381597,0.771827,-0.735612,0.735612,-0.479277,-0.306108,0.611978,-0.564374,1.952130,-1.106797
-0.911648,0.817243,-0.455372,-0.463096,-0.735612,0.735612,-0.479277,-0.306108,0.611978,-0.564374,1.952130,-1.106797
-0.104111,-0.427815,0.463112,0.771827,1.359412,-1.359412,-0.479277,-0.306108,0.611978,-0.564374,-0.512261,0.903508
-0.985061,-0.463367,-0.455372,-0.463096,-0.735612,0.735612,-0.479277,-0.306108,0.611978,-0.564374,-0.512261,0.903508
2.318499,0.945625,-0.455372,-0.463096,1.359412,-1.359412,-0.479277,-0.306108,0.611978,1.771873,-0.512261,-1.106797
0.497871,1.125443,0.463112,-0.463096,1.359412,-1.359412,2.086476,-0.306108,-1.634045,1.771873,-0.512261,-1.106797
-1.572360,-0.014524,3.218567,2.006749,-0.735612,0.735612,-0.479277,-0.306108,0.611978,-0.564374,-0.512261,0.903508
1.276042,-0.110069,-0.455372,-0.463096,-0.735612,0.735612,-0.479277,-0.306108,0.611978,1.771873,-0.512261,-1.106797
-0.617998,-0.480485,-0.455372,-0.463096,-0.735612,0.735612,-0.479277,-0.306108,0.611978,-0.564374,-0.512261,0.903508
0.997075,-0.120933,0.463112,-0.463096,1.359412,-1.359412,-0.479277,-0.306108,0.611978,-0.564374,1.952130,-1.106797
0.556600,0.739227,6.892507,2.006749,-0.735612,0.735612,-0.479277,-0.306108,0.611978,-0.564374,-0.512261,0.903508
0.336363,0.414321,0.463112,-0.463096,1.359412,-1.359412,-0.479277,-0.306108,0.611978,1.771873,-0.512261,-1.106797
0.262951,-0.475464,-0.455372,-0.463096,-0.735612,0.735612,-0.479277,-0.306108,0.611978,-0.564374,-0.512261,0.903508
3.639923,-0.041928,-0.455372,-0.463096,-0.735612,0.735612,-0.479277,-0.306108,0.611978,1.771873,-0.512261,-1.106797
-1.205298,0.291865,4.137052,2.006749,-0.735612,0.735612,-0.479277,-0.306108,0.611978,-0.564374,-0.512261,0.903508
-0.104111,-0.427074,-0.455372,-0.463096,-0.735612,0.735612,-0.479277,-0.306108,0.611978,-0.564374,1.952130,-1.106797
-0.941013,-0.192860,0.463112,0.771827,1.359412,-1.359412,2.086476,-0.306108,-1.634045,-0.564374,-0.512261,0.903508
-0.691411,-0.475464,-0.455372,-0.463096,-0.735612,0.735612,-0.479277,-0.306108,0.611978,-0.564374,-0.512261,0.903508
1.070488,-0.475464,-0.455372,-0.463096,-0.735612,0.735612,-0.479277,-0.306108,0.611978,-0.564374,-0.512261,0.903508
2.171674,-0.110069,-0.455372,-0.463096,-0.735612,0.735612,-0.479277,-0.306108,0.611978,1.771873,-0.512261,-1.106797
1.290725,0.392595,0.463112,-0.463096,-0.735612,0.735612,-0.479277,-0.306108,0.611978,1.771873,-0.512261,-1.106797
-1.058473,0.149410,3.218567,0.771827,-0.735612,0.735612,-0.479277,-0.306108,0.611978,-0.564374,-0.512261,0.903508
0.116126,-0.469292,-0.455372,-0.463096,-0.735612,0.735612,-0.479277,-0.306108,0.611978,-0.564374,-0.512261,0.903508
0.409776,-0.486410,-0.455372,-0.463096,-0.735612,0.735612,-0.479277,-0.306108,0.611978,-0.564374,-0.512261,0.903508
-0.294984,-0.491759,-0.455372,-0.463096,-0.735612,0.735612,2.086476,-0.306108,-1.634045,-0.564374,-0.512261,0.903508
0.116126,-0.321406,0.463112,-0.463096,-0.735612,0.735612,-0.479277,-0.306108,0.611978,-0.564374,-0.512261,0.903508
-0.617998,-0.475464,-0.455372,-0.463096,-0.735612,0.735612,-0.479277,-0.306108,0.611978,-0.564374,-0.512261,0.903508
-0.985061,-0.463367,-0.455372,-0.463096,-0.735612,0.735612,-0.479277,-0.306108,0.611978,-0.564374,-0.512261,0.903508
-0.838236,-0.478510,-0.455372,-0.463096,-0.735612,0.735612,-0.479277,-0.306108,0.611978,-0.564374,-0.512261,0.903508
-0.177524,-0.110069,-0.455372,-0.463096,-0.735612,0.735612,-0.479277,-0.306108,0.611978,1.771873,-0.512261,-1.106797
-1.939422,0.135831,1.381597,0.771827,1.359412,-1.359412,-0.479277,-0.306108,0.611978,-0.564374,1.952130,-1.106797
0.703425,-0.083405,0.463112,4.476594,-0.735612,0.735612,-0.479277,-0.306108,0.611978,-0.564374,-0.512261,0.903508
-1.058473,-0.480896,-0.455372,-0.463096,-0.735612,0.735612,-0.479277,-0.306108,0.611978,-0.564374,-0.512261,0.903508
-0.104111,-0.478921,-0.455372,-0.463096,-0.735612,0.735612,-0.479277,-0.306108,0.611978,-0.564374,-0.512261,0.903508
0.850250,0.392595,0.463112,-0.463096,-0.735612,0.735612,-0.479277,-0.306108,0.611978,1.771873,-0.512261,-1.106797
0.703425,-0.377696,-0.455372,-0.463096,1.359412,-1.359412,-0.479277,-0.306108,0.611978,-0.564374,1.952130,-1.106797
-0.250936,-0.032053,-0.455372,-0.463096,-0.735612,0.735612,-0.479277,-0.306108,0.611978,1.771873,-0.512261,-1.106797
0.306998,0.066703,-0.455372,-0.463096,-0.735612,0.735612,-0.479277,-0.306108,0.611978,1.771873,-0.512261,-1.106797
0.042713,-0.229070,0.463112,0.771827,1.359412,-1.359412,-0.479277,-0.306108,0.611978,-0.564374,-0.512261,0.903508
-0.265619,-0.328319,0.463112,-0.463096,1.359412,-1.359412,-0.479277,3.266823,-1.634045,-0.564374,-0.512261,0.903508
-0.265619,-0.478510,-0.455372,-0.463096,-0.735612,0.735612,-0.479277,-0.306108,0.611978,-0.564374,-0.512261,0.903508
-1.939422,-0.083405,2.300082,2.006749,-0.735612,0.735612,-0.479277,-0.306108,0.611978,-0.564374,-0.512261,0.903508
-0.471174,-0.459663,-0.455372,-0.463096,1.359412,-1.359412,-0.479277,-0.306108,0.611978,-0.564374,-0.512261,0.903508
0.116126,-0.032053,-0.455372,-0.463096,-0.735612,0.735612,2.086476,-0.306108,-1.634045,1.771873,-0.512261,-1.106797
-0.250936,-0.496697,-0.455372,-0.463096,-0.735612,0.735612,-0.479277,-0.306108,0.611978,-0.564374,-0.512261,0.903508
1.217312,0.392595,-0.455372,-0.463096,-0.735612,0.735612,-0.479277,-0.306108,0.611978,1.771873,-0.512261,-1.106797
0.116126,-0.477933,-0.455372,-0.463096,-0.735612,0.735612,-0.479277,-0.306108,0.611978,-0.564374,-0.512261,0.903508
-0.258278,-0.481636,-0.455372,-0.463096,-0.735612,0.735612,-0.479277,3.266823,-1.634045,-0.564374,-0.512261,0.903508
0.189538,-0.321406,2.300082,-0.463096,1.359412,-1.359412,-0.479277,-0.306108,0.611978,-0.564374,-0.512261,0.903508
-0.456491,-0.467400,-0.455372,-0.463096,-0.735612,0.735612,-0.479277,3.266823,-1.634045,-0.564374,-0.512261,0.903508
-0.985061,-0.131466,2.300082,0.771827,1.359412,-1.359412,-0.479277,-0.306108,0.611978,-0.564374,-0.512261,0.903508
-1.425535,0.291865,4.137052,2.006749,-0.735612,0.735612,-0.479277,-0.306108,0.611978,-0.564374,-0.512261,0.903508
0.556600,-0.014524,0.463112,5.711516,1.359412,-1.359412,-0.479277,-0.306108,0.611978,-0.564374,-0.512261,0.903508
-0.691411,0.817243,1.381597,-0.463096,-0.735612,0.735612,-0.479277,-0.306108,0.611978,-0.564374,1.952130,-1.106797
-0.911648,-0.486410,-0.455372,-0.463096,1.359412,-1.359412,-0.479277,-0.306108,0.611978,-0.564374,-0.512261,0.903508
2.098262,-0.491265,-0.455372,-0.463096,-0.735612,0.735612,-0.479277,-0.306108,0.611978,-0.564374,-0.512261,0.903508
-0.838236,-0.478510,-0.455372,-0.463096,-0.735612,0.735612,-0.479277,-0.306108,0.611978,-0.564374,-0.512261,0.903508
-0.838236,-0.427074,-0.455372,-0.463096,-0.735612,0.735612,-0.479277,-0.306108,0.611978,-0.564374,1.952130,-1.106797
0.483188,-0.445097,-0.455372,-0.463096,1.359412,-1.359412,-0.479277,-0.306108,0.611978,-0.564374,-0.512261,0.903508
-1.058473,-0.481719,-0.455372,-0.463096,1.359412,-1.359412,-0.479277,3.266823,-1.634045,-0.564374,-0.512261,0.903508
0.776838,-0.249314,-0.455372,0.771827,1.359412,-1.359412,-0.479277,-0.306108,0.611978,-0.564374,1.952130,-1.106797
-0.250936,-0.477933,-0.455372,-0.463096,1.359412,-1.359412,-0.479277,-0.306108,0.611978,-0.564374,-0.512261,0.903508
-0.911648,-0.449788,-0.455372,0.771827,1.359412,-1.359412,-0.479277,-0.306108,0.611978,-0.564374,-0.512261,0.903508
-0.397761,-0.491676,-0.455372,-0.463096,-0.735612,0.735612,2.086476,-0.306108,-1.634045,-0.564374,-0.512261,0.903508
-0.324349,-0.120933,0.463112,0.771827,1.359412,-1.359412,-0.479277,-0.306108,0.611978,-0.564374,1.952130,-1.106797
0.997075,-0.120933,0.463112,-0.463096,-0.735612,0.735612,-0.479277,-0.306108,0.611978,-0.564374,1.952130,-1.106797
-0.764823,-0.479331,-0.455372,-0.463096,-0.735612,0.735612,-0.479277,-0.306108,0.611978,-0.564374,-0.512261,0.903508
-0.617998,0.451848,-0.455372,0.771827,1.359412,-1.359412,-0.479277,-0.306108,0.611978,1.771873,-0.512261,-1.106797
0.556600,-0.495215,-0.455372,-0.463096,-0.735612,0.735612,-0.479277,-0.306108,0.611978,-0.564374,-0.512261,0.903508
-0.427126,-0.479825,-0.455372,-0.463096,1.359412,-1.359412,-0.479277,3.266823,-1.634045,-0.564374,-0.512261,0.903508
0.218903,-0.377696,-0.455372,-0.463096,-0.735612,0.735612,-0.479277,-0.306108,0.611978,-0.564374,1.952130,-1.106797
2.318499,-0.427074,-0.455372,-0.463096,-0.735612,0.735612,-0.479277,-0.306108,0.611978,-0.564374,1.952130,-1.106797
0.483188,-0.480896,-0.455372,-0.463096,-0.735612,0.735612,-0.479277,-0.306108,0.611978,-0.564374,-0.512261,0.903508
-0.471174,-0.478510,-0.455372,-0.463096,-0.735612,0.735612,-0.479277,-0.306108,0.611978,-0.564374,-0.512261,0.903508
0.630013,-0.016746,0.463112,5.711516,1.359412,-1.359412,-0.479277,-0.306108,0.611978,-0.564374,-0.512261,0.903508
1.437550,-0.475464,-0.455372,-0.463096,-0.735612,0.735612,-0.479277,-0.306108,0.611978,-0.564374,-0.512261,0.903508
-0.030699,-0.463367,-0.455372,-0.463096,1.359412,-1.359412,-0.479277,-0.306108,0.611978,-0.564374,-0.512261,0.903508
-0.985061,-0.348893,-0.455372,-0.463096,1.359412,-1.359412,2.086476,-0.306108,-1.634045,-0.564374,-0.512261,0.903508
0.556600,-0.478510,-0.455372,-0.463096,-0.735612,0.735612,-0.479277,-0.306108,0.611978,-0.564374,-0.512261,0.903508
0.703425,0.135831,0.463112,0.771827,1.359412,-1.359412,-0.479277,-0.306108,0.611978,-0.564374,1.952130,-1.106797
-0.911648,0.938712,-0.455372,2.006749,1.359412,-1.359412,-0.479277,-0.306108,0.611978,1.771873,-0.512261,-1.106797
0.497871,-0.047854,-0.455372,-0.463096,-0.735612,0.735612,2.086476,-0.306108,-1.634045,1.771873,-0.512261,-1.106797
1.731199,-0.120933,0.463112,-0.463096,-0.735612,0.735612,-0.479277,-0.306108,0.611978,-0.564374,1.952130,-1.106797
1.283384,-0.481390,-0.455372,-0.463096,-0.735612,0.735612,-0.479277,3.266823,-1.634045,-0.564374,-0.512261,0.903508
-0.764823,-0.491676,-0.455372,-0.463096,-0.735612,0.735612,2.086476,-0.306108,-1.634045,-0.564374,-0.512261,0.903508
-0.030699,1.467547,-0.455372,-0.463096,1.359412,-1.359412,2.086476,-0.306108,-1.634045,1.771873,-0.512261,-1.106797
-0.265619,-0.478510,-0.455372,-0.463096,-0.735612,0.735612,-0.479277,-0.306108,0.611978,-0.564374,-0.512261,0.903508
-0.838236,-0.478838,-0.455372,-0.463096,1.359412,-1.359412,-0.479277,3.266823,-1.634045,-0.564374,-0.512261,0.903508
0.483188,0.414321,0.463112,-0.463096,-0.735612,0.735612,-0.479277,-0.306108,0.611978,1.771873,-0.512261,-1.106797
0.740132,-0.481390,-0.455372,-0.463096,-0.735612,0.735612,-0.479277,3.266823,-1.634045,-0.564374,-0.512261,0.903508
1.510962,-0.475464,-0.455372,-0.463096,-0.735612,0.735612,-0.479277,-0.306108,0.611978,-0.564374,-0.512261,0.903508
1.951437,-0.390535,-0.455372,-0.463096,-0.735612,0.735612,-0.479277,3.266823,-1.634045,-0.564374,1.952130,-1.106797
-0.617998,-0.491265,0.463112,-0.463096,-0.735612,0.735612,-0.479277,-0.306108,0.611978,-0.564374,-0.512261,0.903508
0.630013,-0.477933,-0.455372,-0.463096,-0.735612,0.735612,-0.479277,-0.306108,0.611978,-0.564374,-0.512261,0.903508
1.217312,-0.491265,-0.455372,-0.463096,-0.735612,0.735612,-0.479277,-0.306108,0.611978,-0.564374,-0.512261,0.903508
1.283384,-0.481390,-0.455372,-0.463096,-0.735612,0.735612,-0.479277,3.266823,-1.634045,-0.564374,-0.512261,0.903508
0.556600,0.739227,6.892507,2.006749,-0.735612,0.735612,-0.479277,-0.306108,0.611978,-0.564374,-0.512261,0.903508
1.510962,-0.110069,-0.455372,-0.463096,-0.735612,0.735612,-0.479277,-0.306108,0.611978,1.771873,-0.512261,-1.106797
-0.838236,0.414321,0.463112,-0.463096,-0.735612,0.735612,-0.479277,-0.306108,0.611978,1.771873,-0.512261,-1.106797
0.483188,-0.120933,0.463112,-0.463096,-0.735612,0.735612,-0.479277,-0.306108,0.611978,-0.564374,1.952130,-1.106797
-0.397761,-0.491759,-0.455372,-0.463096,-0.735612,0.735612,2.086476,-0.306108,-1.634045,-0.564374,-0.512261,0.903508
0.409776,-0.380165,-0.455372,-0.463096,-0.735612,0.735612,2.086476,-0.306108,-1.634045,-0.564374,1.952130,-1.106797
-0.985061,-0.131466,2.300082,0.771827,1.359412,-1.359412,-0.479277,-0.306108,0.611978,-0.564374,-0.512261,0.903508
0.262951,-0.377696,-0.455372,-0.463096,-0.735612,0.735612,-0.479277,-0.306108,0.611978,-0.564374,1.952130,-1.106797
1.276042,-0.110069,-0.455372,-0.463096,-0.735612,0.735612,-0.479277,-0.306108,0.611978,1.771873,-0.512261,-1.106797
-0.728117,-0.491265,-0.455372,-0.463096,-0.735612,0.735612,-0.479277,-0.306108,0.611978,-0.564374,-0.512261,0.903508
0.703425,-0.478510,-0.455372,-0.463096,-0.735612,0.735612,-0.479277,-0.306108,0.611978,-0.564374,-0.512261,0.903508
-0.471174,-0.475464,-0.455372,-0.463096,-0.735612,0.735612,-0.479277,-0.306108,0.611978,-0.564374,-0.512261,0.903508
0.050055,-0.491265,-0.455372,-0.463096,-0.735612,0.735612,-0.479277,-0.306108,0.611978,-0.564374,-0.512261,0.903508
0.189538,-0.392016,-0.455372,-0.463096,-0.735612,0.735612,-0.479277,-0.306108,0.611978,-0.564374,1.952130,-1.106797
-0.390420,-0.475464,-0.455372,-0.463096,-0.735612,0.735612,-0.479277,-0.306108,0.611978,-0.564374,-0.512261,0.903508
0.152832,-0.377696,-0.455372,-0.463096,1.359412,-1.359412,-0.479277,-0.306108,0.611978,-0.564374,1.952130,-1.106797
1.731199,0.911391,0.463112,-0.463096,1.359412,-1.359412,2.086476,-0.306108,-1.634045,1.771873,-0.512261,-1.106797
-0.485856,-0.480649,-0.455372,-0.463096,1.359412,-1.359412,-0.479277,3.266823,-1.634045,-0.564374,-0.512261,0.903508
0.409776,-0.113279,-0.455372,-0.463096,-0.735612,0.735612,-0.479277,-0.306108,0.611978,1.771873,-0.512261,-1.106797
0.336363,-0.493734,-0.455372,-0.463096,-0.735612,0.735612,-0.479277,-0.306108,0.611978,-0.564374,-0.512261,0.903508
0.189538,-0.086368,0.463112,2.006749,1.359412,-1.359412,-0.479277,-0.306108,0.611978,-0.564374,1.952130,-1.106797
-0.471174,0.734289,-0.455372,-0.463096,1.359412,-1.359412,2.086476,-0.306108,-1.634045,1.771873,-0.512261,-1.106797
-0.544586,-0.377696,-0.455372,-0.463096,-0.735612,0.735612,-0.479277,-0.306108,0.611978,-0.564374,1.952130,-1.106797
0.262951,-0.377696,-0.455372,-0.463096,-0.735612,0.735612,-0.479277,-0.306108,0.611978,-0.564374,1.952130,-1.106797
-0.691411,-0.467894,-0.455372,-0.463096,-0.735612,0.735612,-0.479277,-0.306108,0.611978,-0.564374,-0.512261,0.903508
1.731199,0.892050,-0.455372,0.771827,-0.735612,0.735612,-0.479277,-0.306108,0.611978,1.771873,-0.512261,-1.106797
-0.265619,-0.478510,-0.455372,-0.463096,-0.735612,0.735612,2.086476,-0.306108,-1.634045,-0.564374,-0.512261,0.903508
0.336363,-0.478510,-0.455372,-0.463096,-0.735612,0.735612,2.086476,-0.306108,-1.634045,-0.564374,-0.512261,0.903508
-0.764823,-0.479331,-0.455372,-0.463096,-0.735612,0.735612,-0.479277,-0.306108,0.611978,-0.564374,-0.512261,0.903508
0.321681,-0.120933,-0.455372,-0.463096,-0.735612,0.735612,-0.479277,-0.306108,0.611978,1.771873,-0.512261,-1.106797
-0.104111,-0.478510,-0.455372,-0.463096,-0.735612,0.735612,2.086476,-0.306108,-1.634045,-0.564374,-0.512261,0.903508
-0.588633,-0.348974,0.463112,-0.463096,1.359412,-1.359412,2.086476,-0.306108,-1.634045,-0.564374,-0.512261,0.903508
-0.324349,-0.480896,-0.455372,-0.463096,-0.735612,0.735612,-0.479277,-0.306108,0.611978,-0.564374,-0.512261,0.903508
-0.390420,-0.475464,-0.455372,-0.463096,-0.735612,0.735612,-0.479277,-0.306108,0.611978,-0.564374,-0.512261,0.903508
0.997075,0.510691,-0.455372,0.771827,1.359412,-1.359412,2.086476,-0.306108,-1.634045,1.771873,-0.512261,-1.106797
0.703425,-0.032053,-0.455372,-0.463096,-0.735612,0.735612,-0.479277,-0.306108,0.611978,1.771873,-0.512261,-1.106797
-0.471174,1.008005,-0.455372,-0.463096,1.359412,-1.359412,2.086476,-0.306108,-1.634045,1.771873,-0.512261,-1.106797
1.731199,0.389879,-0.455372,-0.463096,-0.735612,0.735612,-0.479277,-0.306108,0.611978,1.771873,-0.512261,-1.106797
0.116126,-0.427074,-0.455372,-0.463096,-0.735612,0.735612,-0.479277,-0.306108,0.611978,-0.564374,1.952130,-1.106797
1.731199,-0.120933,-0.455372,-0.463096,-0.735612,0.735612,-0.479277,-0.306108,0.611978,-0.564374,1.952130,-1.106797
0.703425,-0.634460,-0.455372,-0.463096,-0.735612,0.735612,-0.479277,-0.306108,0.611978,1.771873,-0.512261,-1.106797
-0.030699,-0.390535,-0.455372,-0.463096,1.359412,-1.359412,-0.479277,3.266823,-1.634045,-0.564374,1.952130,-1.106797
-0.265619,-0.478510,-0.455372,-0.463096,-0.735612,0.735612,-0.479277,-0.306108,0.611978,-0.564374,-0.512261,0.903508
-1.939422,-0.059210,3.218567,0.771827,-0.735612,0.735612,-0.479277,3.266823,-1.634045,-0.564374,-0.512261,0.903508
0.189538,-0.535705,-0.455372,-0.463096,-0.735612,0.735612,-0.479277,-0.306108,0.611978,1.771873,-0.512261,-1.106797
-0.324349,0.481392,-0.455372,-0.463096,-0.735612,0.735612,-0.479277,-0.306108,0.611978,-0.564374,-0.512261,0.903508
-0.911648,-0.377696,-0.455372,2.006749,1.359412,-1.359412,-0.479277,-0.306108,0.611978,-0.564374,1.952130,-1.106797
-0.177524,-0.377696,-0.455372,-0.463096,1.359412,-1.359412,-0.479277,-0.306108,0.611978,-0.564374,1.952130,-1.106797
0.116126,-0.475464,-0.455372,-0.463096,-0.735612,0.735612,-0.479277,-0.306108,0.611978,-0.564374,-0.512261,0.903508
1.283384,-0.481390,-0.455372,-0.463096,-0.735612,0.735612,-0.479277,3.266823,-1.634045,-0.564374,-0.512261,0.903508
0.850250,-0.120933,0.463112,-0.463096,1.359412,-1.359412,-0.479277,-0.306108,0.611978,-0.564374,1.952130,-1.106797
-0.001334,-0.337207,-0.455372,-0.463096,-0.735612,0.735612,2.086476,-0.306108,-1.634045,-0.564374,1.952130,-1.106797
-0.177524,-0.446825,-0.455372,-0.463096,-0.735612,0.735612,-0.479277,-0.306108,0.611978,-0.564374,-0.512261,0.903508
-0.691411,-0.491265,-0.455372,-0.463096,-0.735612,0.735612,-0.479277,-0.306108,0.611978,-0.564374,-0.512261,0.903508
-0.250936,-0.480485,-0.455372,-0.463096,-0.735612,0.735612,-0.479277,-0.306108,0.611978,-0.564374,-0.512261,0.903508
0.189538,-0.463367,-0.455372,-0.463096,-0.735612,0.735612,2.086476,-0.306108,-1.634045,-0.564374,-0.512261,0.903508
1.584375,1.212265,0.463112,0.771827,1.359412,-1.359412,-0.479277,-0.306108,0.611978,1.771873,-0.512261,-1.106797
0.923663,3.539681,-0.455372,0.771827,1.359412,-1.359412,-0.479277,-0.306108,0.611978,1.771873,-0.512261,-1.106797
-0.390420,-0.475464,-0.455372,-0.463096,-0.735612,0.735612,-0.479277,-0.306108,0.611978,-0.564374,-0.512261,0.903508
0.674060,0.392595,0.463112,-0.463096,1.359412,-1.359412,-0.479277,-0.306108,0.611978,1.771873,-0.512261,-1.106797
-0.294984,-0.491759,-0.455372,-0.463096,-0.735612,0.735612,2.086476,-0.306108,-1.634045,-0.564374,-0.512261,0.903508
-0.250936,-0.377696,-0.455372,-0.463096,-0.735612,0.735612,-0.479277,-0.306108,0.611978,-0.564374,1.952130,-1.106797
-0.471174,-0.377696,-0.455372,-0.463096,-0.735612,0.735612,-0.479277,-0.306108,0.611978,-0.564374,1.952130,-1.106797
0.997075,-0.086945,-0.455372,-0.463096,1.359412,-1.359412,2.086476,-0.306108,-1.634045,1.771873,-0.512261,-1.106797
-0.104111,-0.446825,-0.455372,-0.463096,-0.735612,0.735612,-0.479277,-0.306108,0.611978,-0.564374,-0.512261,0.903508
0.042713,-0.390535,-0.455372,-0.463096,1.359412,-1.359412,-0.479277,3.266823,-1.634045,-0.564374,1.952130,-1.106797
0.703425,-0.086945,-0.455372,-0.463096,-0.735612,0.735612,2.086476,-0.306108,-1.634045,1.771873,-0.512261,-1.106797
-0.397761,-0.481553,-0.455372,-0.463096,-0.735612,0.735612,-0.479277,3.266823,-1.634045,-0.564374,-0.512261,0.903508
1.364137,0.489952,0.463112,-0.463096,-0.735612,0.735612,2.086476,-0.306108,-1.634045,1.771873,-0.512261,-1.106797
-0.294984,-0.491759,-0.455372,-0.463096,1.359412,-1.359412,2.086476,-0.306108,-1.634045,-0.564374,-0.512261,0.903508
-0.265619,-0.478510,-0.455372,-0.463096,-0.735612,0.735612,-0.479277,-0.306108,0.611978,-0.564374,-0.512261,0.903508
0.189538,3.745916,-0.455372,-0.463096,-0.735612,0.735612,-0.479277,-0.306108,0.611978,1.771873,-0.512261,-1.106797
-0.030699,-0.377696,-0.455372,-0.463096,-0.735612,0.735612,-0.479277,-0.306108,0.611978,-0.564374,1.952130,-1.106797
-0.691411,-0.475464,-0.455372,-0.463096,-0.735612,0.735612,-0.479277,-0.306108,0.611978,-0.564374,-0.512261,0.903508
0.630013,1.555603,0.463112,0.771827,1.359412,-1.359412,2.086476,-0.306108,-1.634045,1.771873,-0.512261,-1.106797
-0.265619,-0.328319,0.463112,-0.463096,1.359412,-1.359412,-0.479277,3.266823,-1.634045,-0.564374,-0.512261,0.903508
1.070488,-0.367821,-0.455372,-0.463096,1.359412,-1.359412,-0.479277,-0.306108,0.611978,-0.564374,1.952130,-1.106797
0.116126,-0.120933,0.463112,-0.463096,-0.735612,0.735612,-0.479277,-0.306108,0.611978,-0.564374,1.952130,-1.106797
-2.172140,-0.264128,0.463112,0.771827,-0.735612,0.735612,-0.479277,-0.306108,0.611978,-0.564374,1.952130,-1.106797
1.283384,-0.481390,-0.455372,-0.463096,-0.735612,0.735612,-0.479277,3.266823,-1.634045,-0.564374,-0.512261,0.903508
1.290725,0.649359,0.463112,2.006749,1.359412,-1.359412,-0.479277,-0.306108,0.611978,-0.564374,1.952130,-1.106797
-0.177524,-0.321406,0.463112,-0.463096,-0.735612,0.735612,-0.479277,-0.306108,0.611978,-0.564374,-0.512261,0.903508
1.283384,-0.481390,-0.455372,-0.463096,-0.735612,0.735612,-0.479277,3.266823,-1.634045,-0.564374,-0.512261,0.903508
-0.764823,-0.463367,-0.455372,-0.463096,-0.735612,0.735612,-0.479277,-0.306108,0.611978,-0.564374,-0.512261,0.903508
0.042713,0.491351,0.463112,-0.463096,-0.735612,0.735612,-0.479277,-0.306108,0.611978,1.771873,-0.512261,-1.106797
-1.425535,1.735668,0.463112,2.006749,-0.735612,0.735612,-0.479277,-0.306108,0.611978,1.771873,-0.512261,-1.106797
-0.764823,-0.463367,-0.455372,-0.463096,1.359412,-1.359412,-0.479277,-0.306108,0.611978,-0.564374,-0.512261,0.903508
-0.265619,-0.328319,0.463112,-0.463096,-0.735612,0.735612,-0.479277,3.266823,-1.634045,-0.564374,-0.512261,0.903508
-0.140818,-0.316468,-0.455372,-0.463096,-0.735612,0.735612,-0.479277,-0.306108,0.611978,-0.564374,-0.512261,0.903508
-1.131885,-0.491759,-0.455372,-0.463096,1.359412,-1.359412,2.086476,-0.306108,-1.634045,-0.564374,-0.512261,0.903508
0.556600,0.739227,6.892507,2.006749,1.359412,-1.359412,-0.479277,-0.306108,0.611978,-0.564374,-0.512261,0.903508
-0.617998,-0.475464,-0.455372,-0.463096,-0.735612,0.735612,-0.479277,-0.306108,0.611978,-0.564374,-0.512261,0.903508
-0.676728,-0.333339,0.463112,0.771827,-0.735612,0.735612,2.086476,-0.306108,-1.634045,-0.564374,-0.512261,0.903508
1.070488,-0.348974,-0.455372,0.771827,1.359412,-1.359412,2.086476,-0.306108,-1.634045,-0.564374,-0.512261,0.903508
-0.265619,-0.478510,-0.455372,-0.463096,-0.735612,0.735612,-0.479277,-0.306108,0.611978,-0.564374,-0.512261,0.903508
-1.058473,0.044483,0.463112,3.241671,-0.735612,0.735612,-0.479277,-0.306108,0.611978,-0.564374,-0.512261,0.903508
-0.250936,-0.120933,-0.455372,-0.463096,-0.735612,0.735612,-0.479277,-0.306108,0.611978,-0.564374,1.952130,-1.106797
-0.030699,-0.491676,-0.455372,-0.463096,-0.735612,0.735612,2.086476,-0.306108,-1.634045,-0.564374,-0.512261,0.903508
0.674060,0.389879,0.463112,-0.463096,1.359412,-1.359412,-0.479277,-0.306108,0.611978,1.771873,-0.512261,-1.106797
2.612149,-0.427074,-0.455372,-0.463096,-0.735612,0.735612,-0.479277,-0.306108,0.611978,-0.564374,1.952130,-1.106797
-0.911648,-0.475464,-0.455372,-0.463096,-0.735612,0.735612,-0.479277,-0.306108,0.611978,-0.564374,-0.512261,0.903508
0.262951,-0.120933,0.463112,-0.463096,-0.735612,0.735612,-0.479277,-0.306108,0.611978,-0.564374,1.952130,-1.106797
-0.617998,-0.449788,-0.455372,-0.463096,-0.735612,0.735612,-0.479277,-0.306108,0.611978,-0.564374,-0.512261,0.903508
0.556600,-0.377696,-0.455372,-0.463096,1.359412,-1.359412,-0.479277,-0.306108,0.611978,-0.564374,1.952130,-1.106797
-0.544586,4.560071,2.300082,2.006749,1.359412,-1.359412,-0.479277,-0.306108,0.611978,1.771873,-0.512261,-1.106797
0.042713,1.602842,0.463112,-0.463096,1.359412,-1.359412,2.086476,-0.306108,-1.634045,1.771873,-0.512261,-1.106797
-1.058473,-0.120933,-0.455372,-0.463096,-0.735612,0.735612,-0.479277,-0.306108,0.611978,-0.564374,1.952130,-1.106797
0.336363,9.484589,-0.455372,-0.463096,-0.735612,0.735612,2.086476,-0.306108,-1.634045,1.771873,-0.512261,-1.106797
0.042713,-0.115995,0.463112,0.771827,-0.735612,0.735612,-0.479277,-0.306108,0.611978,-0.564374,1.952130,-1.106797
-0.104111,-0.478838,-0.455372,-0.463096,1.359412,-1.359412,-0.479277,3.266823,-1.634045,-0.564374,-0.512261,0.903508
2.024849,-0.110069,-0.455372,-0.463096,1.359412,-1.359412,-0.479277,-0.306108,0.611978,1.771873,-0.512261,-1.106797
0.630013,1.008005,0.463112,0.771827,1.359412,-1.359412,2.086476,-0.306108,-1.634045,1.771873,-0.512261,-1.106797
0.262951,-0.475464,-0.455372,-0.463096,-0.735612,0.735612,-0.479277,-0.306108,0.611978,-0.564374,-0.512261,0.903508
-0.764823,-0.477933,-0.455372,-0.463096,-0.735612,0.735612,-0.479277,-0.306108,0.611978,-0.564374,-0.512261,0.903508
-0.471174,-0.175248,1.381597,-0.463096,1.359412,-1.359412,-0.479277,3.266823,-1.634045,-0.564374,-0.512261,0.903508
0.042713,-0.427074,-0.455372,-0.463096,-0.735612,0.735612,-0.479277,-0.306108,0.611978,-0.564374,1.952130,-1.106797
-0.250936,0.881023,-0.455372,-0.463096,-0.735612,0.735612,2.086476,-0.306108,-1.634045,1.771873,-0.512261,-1.106797
0.997075,-0.477933,-0.455372,-0.463096,-0.735612,0.735612,-0.479277,-0.306108,0.611978,-0.564374,-0.512261,0.903508
1.584375,0.938712,0.463112,0.771827,-0.735612,0.735612,-0.479277,-0.306108,0.611978,1.771873,-0.512261,-1.106797
1.283384,-0.481390,-0.455372,-0.463096,1.359412,-1.359412,-0.479277,3.266823,-1.634045,-0.564374,-0.512261,0.903508
0.189538,-0.348893,-0.455372,-0.463096,-0.735612,0.735612,2.086476,-0.306108,-1.634045,-0.564374,-0.512261,0.903508
0.336363,2.044442,-0.455372,-0.463096,1.359412,-1.359412,-0.479277,-0.306108,0.611978,1.771873,-0.512261,-1.106797
-1.498948,-0.083405,2.300082,2.006749,-0.735612,0.735612,-0.479277,-0.306108,0.611978,-0.564374,-0.512261,0.903508
-0.250936,-0.427074,-0.455372,-0.463096,1.359412,-1.359412,-0.479277,-0.306108,0.611978,-0.564374,1.952130,-1.106797
-0.471174,-0.316468,0.463112,-0.463096,-0.735612,0.735612,-0.479277,-0.306108,0.611978,-0.564374,-0.512261,0.903508
-0.390420,-0.475464,-0.455372,-0.463096,-0.735612,0.735612,-0.479277,-0.306108,0.611978,-0.564374,-0.512261,0.903508
0.409776,9.484589,-0.455372,0.771827,-0.735612,0.735612,2.086476,-0.306108,-1.634045,1.771873,-0.512261,-1.106797
-0.559268,-0.192860,-0.455372,2.006749,1.359412,-1.359412,2.086476,-0.306108,-1.634045,-0.564374,-0.512261,0.903508
-2.086247,-0.218207,2.300082,0.771827,-0.735612,0.735612,-0.479277,-0.306108,0.611978,-0.564374,-0.512261,0.903508
-0.397761,-0.491676,-0.455372,-0.463096,1.359412,-1.359412,2.086476,-0.306108,-1.634045,-0.564374,-0.512261,0.903508
-0.324349,-0.478510,-0.455372,-0.463096,-0.735612,0.735612,-0.479277,-0.306108,0.611978,-0.564374,-0.512261,0.903508
0.409776,-0.478510,-0.455372,-0.463096,-0.735612,0.735612,-0.479277,-0.306108,0.611978,-0.564374,-0.512261,0.903508
-0.250936,3.542891,-0.455372,2.006749,-0.735612,0.735612,2.086476,-0.306108,-1.634045,1.771873,-0.512261,-1.106797
0.189538,-0.463531,-0.455372,-0.463096,-0.735612,0.735612,-0.479277,-0.306108,0.611978,-0.564374,-0.512261,0.903508
-0.471174,0.734289,-0.455372,-0.463096,1.359412,-1.359412,2.086476,-0.306108,-1.634045,1.771873,-0.512261,-1.106797
-0.397761,1.164451,0.463112,-0.463096,-0.735612,0.735612,2.086476,-0.306108,-1.634045,1.771873,-0.512261,-1.106797
-0.104111,-0.480896,-0.455372,-0.463096,-0.735612,0.735612,-0.479277,-0.306108,0.611978,-0.564374,-0.512261,0.903508
-0.397761,-0.483365,-0.455372,-0.463096,-0.735612,0.735612,-0.479277,-0.306108,0.611978,-0.564374,-0.512261,0.903508
1.283384,-0.481390,-0.455372,-0.463096,-0.735612,0.735612,-0.479277,3.266823,-1.634045,-0.564374,-0.512261,0.903508
1.224654,-0.086945,-0.455372,-0.463096,-0.735612,0.735612,2.086476,-0.306108,-1.634045,1.771873,-0.512261,-1.106797
-0.985061,0.491351,0.463112,-0.463096,1.359412,-1.359412,-0.479277,-0.306108,0.611978,1.771873,-0.512261,-1.106797
0.042713,0.392595,0.463112,-0.463096,-0.735612,0.735612,-0.479277,-0.306108,0.611978,1.771873,-0.512261,-1.106797
-0.471174,-0.427074,-0.455372,-0.463096,-0.735612,0.735612,-0.479277,-0.306108,0.611978,-0.564374,1.952130,-1.106797
1.290725,0.881023,0.463112,-0.463096,-0.735612,0.735612,2.086476,-0.306108,-1.634045,1.771873,-0.512261,-1.106797
-2.165533,2.358814,0.463112,2.006749,-0.735612,0.735612,-0.479277,-0.306108,0.611978,1.771873,-0.512261,-1.106797
1.657787,0.382309,1.381597,-0.463096,1.359412,-1.359412,-0.479277,-0.306108,0.611978,1.771873,-0.512261,-1.106797
-0.617998,-0.493734,-0.455372,-0.463096,-0.735612,0.735612,-0.479277,-0.306108,0.611978,-0.564374,-0.512261,0.903508
0.850250,-0.115254,-0.455372,-0.463096,-0.735612,0.735612,-0.479277,-0.306108,0.611978,1.771873,-0.512261,-1.106797
0.042713,2.621833,-0.455372,2.006749,1.359412,-1.359412,-0.479277,-0.306108,0.611978,1.771873,-0.512261,-1.106797
-0.691411,-0.481719,-0.455372,-0.463096,-0.735612,0.735612,-0.479277,3.266823,-1.634045,-0.564374,-0.512261,0.903508
-0.030699,-0.388066,-0.455372,-0.463096,1.359412,-1.359412,-0.479277,-0.306108,0.611978,-0.564374,-0.512261,0.903508
-0.030699,-0.478510,-0.455372,-0.463096,-0.735612,0.735612,-0.479277,-0.306108,0.611978,-0.564374,-0.512261,0.903508
0.108785,-0.336219,-0.455372,-0.463096,-0.735612,0.735612,-0.479277,-0.306108,0.611978,-0.564374,-0.512261,0.903508
-1.939422,-0.414566,0.463112,0.771827,-0.735612,0.735612,-0.479277,-0.306108,0.611978,-0.564374,-0.512261,0.903508
-2.086247,-0.016746,3.218567,2.006749,1.359412,-1.359412,-0.479277,-0.306108,0.611978,-0.564374,-0.512261,0.903508
-1.792597,-0.388066,-0.455372,0.771827,-0.735612,0.735612,-0.479277,-0.306108,0.611978,-0.564374,-0.512261,0.903508
-0.911648,-0.282891,0.463112,-0.463096,1.359412,-1.359412,-0.479277,-0.306108,0.611978,-0.564374,-0.512261,0.903508
-0.192206,-0.481719,-0.455372,-0.463096,-0.735612,0.735612,-0.479277,3.266823,-1.634045,-0.564374,-0.512261,0.903508
-0.911648,-0.278941,1.381597,-0.463096,1.359412,-1.359412,-0.479277,-0.306108,0.611978,-0.564374,-0.512261,0.903508
0.262951,-0.377696,-0.455372,-0.463096,1.359412,-1.359412,-0.479277,-0.306108,0.611978,-0.564374,1.952130,-1.106797
-2.178013,-0.254088,1.381597,0.771827,1.359412,-1.359412,2.086476,-0.306108,-1.634045,-0.564374,-0.512261,0.903508
-0.911648,-0.235242,0.463112,0.771827,-0.735612,0.735612,-0.479277,-0.306108,0.611978,-0.564374,-0.512261,0.903508
0.483188,-0.047854,-0.455372,0.771827,-0.735612,0.735612,2.086476,-0.306108,-1.634045,1.771873,-0.512261,-1.106797
-0.471174,-0.321406,0.463112,-0.463096,1.359412,-1.359412,-0.479277,-0.306108,0.611978,-0.564374,-0.512261,0.903508
-0.838236,4.560071,2.300082,2.006749,-0.735612,0.735612,-0.479277,-0.306108,0.611978,1.771873,-0.512261,-1.106797
-0.397761,-0.377696,-0.455372,-0.463096,-0.735612,0.735612,-0.479277,-0.306108,0.611978,-0.564374,1.952130,-1.106797
-0.617998,0.680961,0.463112,-0.463096,1.359412,-1.359412,-0.479277,-0.306108,0.611978,1.771873,-0.512261,-1.106797
-0.265619,-0.478510,-0.455372,-0.463096,-0.735612,0.735612,-0.479277,-0.306108,0.611978,-0.564374,-0.512261,0.903508
0.042713,0.362886,-0.455372,-0.463096,-0.735612,0.735612,-0.479277,-0.306108,0.611978,1.771873,-0.512261,-1.106797
0.189538,0.414321,0.463112,-0.463096,1.359412,-1.359412,-0.479277,-0.306108,0.611978,1.771873,-0.512261,-1.106797
-1.278710,-0.491676,-0.455372,-0.463096,1.359412,-1.359412,2.086476,-0.306108,-1.634045,-0.564374,-0.512261,0.903508
-0.148159,-0.485340,-0.455372,-0.463096,1.359412,-1.359412,-0.479277,-0.306108,0.611978,-0.564374,-0.512261,0.903508
-0.324349,-0.041928,-0.455372,-0.463096,-0.735612,0.735612,2.086476,-0.306108,-1.634045,1.771873,-0.512261,-1.106797
2.318499,-0.110069,-0.455372,-0.463096,-0.735612,0.735612,-0.479277,-0.306108,0.611978,1.771873,-0.512261,-1.106797
0.116126,0.817243,1.381597,-0.463096,-0.735612,0.735612,-0.479277,-0.306108,0.611978,-0.564374,1.952130,-1.106797
-0.177524,-0.189567,-0.455372,-0.463096,-0.735612,0.735612,-0.479277,-0.306108,0.611978,-0.564374,-0.512261,0.903508
-0.324349,-0.316468,0.463112,-0.463096,1.359412,-1.359412,-0.479277,-0.306108,0.611978,-0.564374,-0.512261,0.903508
0.262951,-0.219688,0.463112,-0.463096,-0.735612,0.735612,-0.479277,-0.306108,0.611978,-0.564374,1.952130,-1.106797
0.997075,1.143136,1.381597,-0.463096,-0.735612,0.735612,-0.479277,3.266823,-1.634045,1.771873,-0.512261,-1.106797
-0.662046,-0.463367,-0.455372,-0.463096,-0.735612,0.735612,-0.479277,-0.306108,0.611978,-0.564374,-0.512261,0.903508
1.437550,-0.427074,-0.455372,-0.463096,1.359412,-1.359412,-0.479277,-0.306108,0.611978,-0.564374,1.952130,-1.106797
-0.764823,-0.555209,-0.455372,-0.463096,-0.735612,0.735612,2.086476,-0.306108,-1.634045,-0.564374,-0.512261,0.903508
0.850250,-0.485340,-0.455372,-0.463096,-0.735612,0.735612,-0.479277,-0.306108,0.611978,-0.564374,-0.512261,0.903508
-0.691411,-0.483365,-0.455372,-0.463096,1.359412,-1.359412,-0.479277,-0.306108,0.611978,-0.564374,-0.512261,0.903508
0.556600,0.739227,6.892507,2.006749,1.359412,-1.359412,-0.479277,-0.306108,0.611978,-0.564374,-0.512261,0.903508
-2.159660,-0.414566,0.463112,0.771827,1.359412,-1.359412,-0.479277,-0.306108,0.611978,-0.564374,-0.512261,0.903508
0.409776,-0.086368,0.463112,2.006749,-0.735612,0.735612,-0.479277,-0.306108,0.611978,-0.564374,1.952130,-1.106797
-1.058473,0.291865,4.137052,2.006749,1.359412,-1.359412,-0.479277,-0.306108,0.611978,-0.564374,-0.512261,0.903508
-0.471174,-0.486410,-0.455372,-0.463096,-0.735612,0.735612,-0.479277,-0.306108,0.611978,-0.564374,-0.512261,0.903508
-0.309666,-0.157472,0.463112,-0.463096,1.359412,-1.359412,-0.479277,3.266823,-1.634045,-0.564374,-0.512261,0.903508
0.042713,-0.480896,-0.455372,-0.463096,-0.735612,0.735612,-0.479277,-0.306108,0.611978,-0.564374,-0.512261,0.903508
-0.177524,-0.446825,-0.455372,-0.463096,-0.735612,0.735612,-0.479277,-0.306108,0.611978,-0.564374,-0.512261,0.903508
-1.058473,-0.481390,-0.455372,-0.463096,1.359412,-1.359412,-0.479277,3.266823,-1.634045,-0.564374,-0.512261,0.903508
0.556600,0.773461,0.463112,-0.463096,1.359412,-1.359412,2.086476,-0.306108,-1.634045,1.771873,-0.512261,-1.106797
1.510962,-0.481390,-0.455372,-0.463096,-0.735612,0.735612,-0.479277,-0.306108,0.611978,-0.564374,-0.512261,0.903508
-0.617998,-0.491676,-0.455372,-0.463096,-0.735612,0.735612,2.086476,-0.306108,-1.634045,-0.564374,-0.512261,0.903508
0.688743,0.988501,0.463112,-0.463096,1.359412,-1.359412,2.086476,-0.306108,-1.634045,1.771873,-0.512261,-1.106797
1.217312,-0.456701,-0.455372,-0.463096,-0.735612,0.735612,-0.479277,-0.306108,0.611978,-0.564374,-0.512261,0.903508
1.217312,0.125956,-0.455372,-0.463096,-0.735612,0.735612,-0.479277,-0.306108,0.611978,1.771873,-0.512261,-1.106797
1.841318,-0.475464,-0.455372,-0.463096,-0.735612,0.735612,-0.479277,-0.306108,0.611978,-0.564374,-0.512261,0.903508
0.630013,-0.477933,-0.455372,-0.463096,-0.735612,0.735612,-0.479277,-0.306108,0.611978,-0.564374,-0.512261,0.903508
-0.544586,-0.477933,-0.455372,-0.463096,1.359412,-1.359412,-0.479277,-0.306108,0.611978,-0.564374,-0.512261,0.903508
-0.104111,-0.475464,-0.455372,-0.463096,-0.735612,0.735612,-0.479277,-0.306108,0.611978,-0.564374,-0.512261,0.903508
-0.250936,-0.377696,-0.455372,-0.463096,-0.735612,0.735612,-0.479277,-0.306108,0.611978,-0.564374,1.952130,-1.106797
-0.390420,-0.475464,-0.455372,-0.463096,-0.735612,0.735612,-0.479277,-0.306108,0.611978,-0.564374,-0.512261,0.903508
-0.471174,-0.480485,-0.455372,-0.463096,-0.735612,0.735612,-0.479277,-0.306108,0.611978,-0.564374,-0.512261,0.903508
-0.324349,-0.479331,0.463112,-0.463096,-0.735612,0.735612,-0.479277,-0.306108,0.611978,-0.564374,-0.512261,0.903508
-0.397761,-0.491265,-0.455372,-0.463096,-0.735612,0.735612,-0.479277,-0.306108,0.611978,-0.564374,-0.512261,0.903508
-0.544586,-0.377696,-0.455372,-0.463096,-0.735612,0.735612,-0.479277,-0.306108,0.611978,-0.564374,1.952130,-1.106797
-0.104111,-0.447155,-0.455372,-0.463096,-0.735612,0.735612,-0.479277,-0.306108,0.611978,-0.564374,-0.512261,0.903508
0.116126,-0.328319,0.463112,0.771827,1.359412,-1.359412,-0.479277,3.266823,-1.634045,-0.564374,-0.512261,0.903508
1.437550,-0.120933,-0.455372,0.771827,1.359412,-1.359412,-0.479277,-0.306108,0.611978,-0.564374,1.952130,-1.106797
-0.324349,-0.263387,-0.455372,-0.463096,-0.735612,0.735612,2.086476,-0.306108,-1.634045,-0.564374,-0.512261,0.903508
0.042713,-0.278941,0.463112,-0.463096,1.359412,-1.359412,-0.479277,-0.306108,0.611978,-0.564374,-0.512261,0.903508
-0.764823,-0.477933,0.463112,-0.463096,-0.735612,0.735612,-0.479277,-0.306108,0.611978,-0.564374,-0.512261,0.903508
-0.177524,-0.350045,0.463112,0.771827,1.359412,-1.359412,-0.479277,-0.306108,0.611978,-0.564374,-0.512261,0.903508
-0.471174,0.343301,-0.455372,-0.463096,1.359412,-1.359412,2.086476,-0.306108,-1.634045,1.771873,-0.512261,-1.106797
-2.202239,-0.466246,-0.455372,0.771827,-0.735612,0.735612,2.086476,-0.306108,-1.634045,-0.564374,-0.512261,0.903508
-0.390420,-0.475464,-0.455372,-0.463096,-0.735612,0.735612,-0.479277,-0.306108,0.611978,-0.564374,-0.512261,0.903508
-2.012835,-0.014524,3.218567,2.006749,-0.735612,0.735612,-0.479277,-0.306108,0.611978,-0.564374,-0.512261,0.903508
1.217312,-0.129080,-0.455372,-0.463096,-0.735612,0.735612,-0.479277,-0.306108,0.611978,1.771873,-0.512261,-1.106797
1.290725,0.147682,0.463112,-0.463096,1.359412,-1.359412,2.086476,-0.306108,-1.634045,1.771873,-0.512261,-1.106797
-0.471174,-0.377696,-0.455372,-0.463096,1.359412,-1.359412,-0.479277,-0.306108,0.611978,-0.564374,1.952130,-1.106797
-0.617998,-0.478510,-0.455372,-0.463096,-0.735612,0.735612,-0.479277,-0.306108,0.611978,-0.564374,-0.512261,0.903508
1.731199,-0.180186,0.463112,3.241671,1.359412,-1.359412,-0.479277,-0.306108,0.611978,-0.564374,1.952130,-1.106797
1.070488,-0.115995,0.463112,0.771827,1.359412,-1.359412,-0.479277,-0.306108,0.611978,-0.564374,1.952130,-1.106797
-0.089429,-0.483775,-0.455372,-0.463096,1.359412,-1.359412,-0.479277,3.266823,-1.634045,-0.564374,-0.512261,0.903508
-2.178013,-0.254088,1.381597,0.771827,1.359412,-1.359412,2.086476,-0.306108,-1.634045,-0.564374,-0.512261,0.903508
-0.397761,2.358814,0.463112,2.006749,1.359412,-1.359412,-0.479277,-0.306108,0.611978,1.771873,-0.512261,-1.106797
0.042713,-0.462956,-0.455372,-0.463096,1.359412,-1.359412,-0.479277,-0.306108,0.611978,-0.564374,-0.512261,0.903508
-1.719185,0.149410,3.218567,0.771827,-0.735612,0.735612,-0.479277,-0.306108,0.611978,-0.564374,-0.512261,0.903508
-0.691411,-0.316468,-0.455372,-0.463096,-0.735612,0.735612,-0.479277,-0.306108,0.611978,-0.564374,-0.512261,0.903508
1.510962,-0.495132,-0.455372,-0.463096,-0.735612,0.735612,-0.479277,-0.306108,0.611978,-0.564374,-0.512261,0.903508
0.630013,0.469624,0.463112,-0.463096,1.359412,-1.359412,-0.479277,-0.306108,0.611978,1.771873,-0.512261,-1.106797
-0.162841,-0.474230,-0.455372,-0.463096,-0.735612,0.735612,-0.479277,-0.306108,0.611978,-0.564374,-0.512261,0.903508
-0.985061,1.555603,-0.455372,2.006749,-0.735612,0.735612,2.086476,-0.306108,-1.634045,1.771873,-0.512261,-1.106797
-0.324349,-0.478674,-0.455372,-0.463096,-0.735612,0.735612,-0.479277,-0.306108,0.611978,-0.564374,-0.512261,0.903508
-0.985061,-0.491676,0.463112,0.771827,-0.735612,0.735612,2.086476,-0.306108,-1.634045,-0.564374,-0.512261,0.903508
-0.177524,-0.384609,-0.455372,-0.463096,1.359412,-1.359412,-0.479277,-0.306108,0.611978,-0.564374,1.952130,-1.106797
-2.159660,-0.323545,-0.455372,2.006749,1.359412,-1.359412,2.086476,-0.306108,-1.634045,-0.564374,-0.512261,0.903508
-2.086247,0.149410,3.218567,0.771827,-0.735612,0.735612,-0.479277,-0.306108,0.611978,-0.564374,-0.512261,0.903508
0.189538,3.859402,-0.455372,-0.463096,-0.735612,0.735612,2.086476,-0.306108,-1.634045,1.771873,-0.512261,-1.106797
-0.764823,-0.446825,-0.455372,-0.463096,-0.735612,0.735612,-0.479277,-0.306108,0.611978,-0.564374,-0.512261,0.903508
-0.397761,-0.477933,0.463112,-0.463096,1.359412,-1.359412,-0.479277,-0.306108,0.611978,-0.564374,-0.512261,0.903508
2.171674,0.929824,0.463112,0.771827,-0.735612,0.735612,2.086476,-0.306108,-1.634045,1.771873,-0.512261,-1.106797
-2.086247,-0.427815,-0.455372,0.771827,1.359412,-1.359412,-0.479277,-0.306108,0.611978,-0.564374,-0.512261,0.903508
0.409776,-0.427074,-0.455372,-0.463096,-0.735612,0.735612,-0.479277,-0.306108,0.611978,-0.564374,1.952130,-1.106797
2.024849,2.396588,-0.455372,0.771827,1.359412,-1.359412,-0.479277,-0.306108,0.611978,1.771873,-0.512261,-1.106797
0.556600,-0.463367,-0.455372,-0.463096,-0.735612,0.735612,-0.479277,-0.306108,0.611978,-0.564374,-0.512261,0.903508
1.283384,-0.481390,-0.455372,-0.463096,-0.735612,0.735612,-0.479277,3.266823,-1.634045,-0.564374,-0.512261,0.903508
0.776838,-0.493734,-0.455372,-0.463096,-0.735612,0.735612,-0.479277,-0.306108,0.611978,-0.564374,-0.512261,0.903508
1.878024,1.008005,-0.455372,0.771827,1.359412,-1.359412,2.086476,-0.306108,-1.634045,1.771873,-0.512261,-1.106797
0.703425,-0.447319,0.463112,-0.463096,1.359412,-1.359412,-0.479277,-0.306108,0.611978,-0.564374,-0.512261,0.903508
-0.617998,-0.491265,-0.455372,-0.463096,-0.735612,0.735612,-0.479277,-0.306108,0.611978,-0.564374,-0.512261,0.903508
-0.648538,2.259482,0.463112,-0.463096,1.359412,-1.359412,2.086476,-0.306108,-1.634045,1.771873,-0.512261,-1.106797
0.556600,0.739227,6.892507,2.006749,-0.735612,0.735612,-0.479277,-0.306108,0.611978,-0.564374,-0.512261,0.903508
-0.265619,-0.478510,-0.455372,-0.463096,-0.735612,0.735612,-0.479277,-0.306108,0.611978,-0.564374,-0.512261,0.903508
3.199448,-0.480896,-0.455372,-0.463096,-0.735612,0.735612,-0.479277,-0.306108,0.611978,-0.564374,-0.512261,0.903508
0.630013,0.938712,0.463112,0.771827,1.359412,-1.359412,-0.479277,-0.306108,0.611978,1.771873,-0.512261,-1.106797
-0.265619,-0.328319,0.463112,-0.463096,-0.735612,0.735612,-0.479277,3.266823,-1.634045,-0.564374,-0.512261,0.903508
-0.177524,-0.480485,-0.455372,-0.463096,-0.735612,0.735612,-0.479277,-0.306108,0.611978,-0.564374,-0.512261,0.903508
-0.471174,-0.175248,1.381597,-0.463096,-0.735612,0.735612,-0.479277,3.266823,-1.634045,-0.564374,-0.512261,0.903508
-0.617998,0.343218,-0.455372,2.006749,1.359412,-1.359412,2.086476,-0.306108,-1.634045,1.771873,-0.512261,-1.106797
-0.397761,-0.377696,-0.455372,-0.463096,-0.735612,0.735612,-0.479277,-0.306108,0.611978,-0.564374,1.952130,-1.106797
1.437550,0.469624,0.463112,-0.463096,-0.735612,0.735612,-0.479277,-0.306108,0.611978,1.771873,-0.512261,-1.106797
-0.104111,-0.218207,-0.455372,4.476594,1.359412,-1.359412,-0.479277,-0.306108,0.611978,-0.564374,-0.512261,0.903508
-1.131885,-0.475875,-0.455372,-0.463096,1.359412,-1.359412,-0.479277,3.266823,-1.634045,-0.564374,-0.512261,0.903508
0.262951,-0.427074,-0.455372,-0.463096,1.359412,-1.359412,-0.479277,-0.306108,0.611978,-0.564374,1.952130,-1.106797
0.534577,-0.634460,-0.455372,-0.463096,-0.735612,0.735612,-0.479277,-0.306108,0.611978,-0.564374,1.952130,-1.106797
-0.544586,1.602842,0.463112,-0.463096,1.359412,-1.359412,2.086476,-0.306108,-1.634045,1.771873,-0.512261,-1.106797
2.171674,0.851808,0.463112,-0.463096,1.359412,-1.359412,2.086476,-0.306108,-1.634045,1.771873,-0.512261,-1.106797
0.262951,-0.506161,-0.455372,-0.463096,-0.735612,0.735612,-0.479277,-0.306108,0.611978,-0.564374,-0.512261,0.903508
-0.617998,2.044442,-0.455372,-0.463096,-0.735612,0.735612,2.086476,-0.306108,-1.634045,1.771873,-0.512261,-1.106797
-0.764823,-0.440406,0.463112,-0.463096,1.359412,-1.359412,-0.479277,-0.306108,0.611978,-0.564374,-0.512261,0.903508
-0.397761,-0.377696,-0.455372,-0.463096,-0.735612,0.735612,-0.479277,-0.306108,0.611978,-0.564374,1.952130,-1.106797
-2.159660,0.096412,-0.455372,2.006749,-0.735612,0.735612,2.086476,-0.306108,-1.634045,-0.564374,1.952130,-1.106797
0.116126,-0.479331,-0.455372,-0.463096,-0.735612,0.735612,-0.479277,-0.306108,0.611978,-0.564374,-0.512261,0.903508
-1.645773,-0.115995,-0.455372,2.006749,1.359412,-1.359412,-0.479277,-0.306108,0.611978,-0.564374,1.952130,-1.106797
1.217312,0.037487,-0.455372,-0.463096,-0.735612,0.735612,-0.479277,-0.306108,0.611978,1.771873,-0.512261,-1.106797
-0.691411,0.817243,-0.455372,-0.463096,-0.735612,0.735612,-0.479277,-0.306108,0.611978,-0.564374,1.952130,-1.106797
0.850250,3.859402,-0.455372,-0.463096,1.359412,-1.359412,2.086476,-0.306108,-1.634045,1.771873,-0.512261,-1.106797
-0.911648,-0.440076,-0.455372,-0.463096,1.359412,-1.359412,-0.479277,-0.306108,0.611978,-0.564374,-0.512261,0.903508
0.556600,3.859402,-0.455372,-0.463096,1.359412,-1.359412,2.086476,-0.306108,-1.634045,1.771873,-0.512261,-1.106797
-0.617998,-0.426744,-0.455372,-0.463096,1.359412,-1.359412,-0.479277,-0.306108,0.611978,-0.564374,-0.512261,0.903508
1.364137,1.125443,0.463112,-0.463096,-0.735612,0.735612,2.086476,-0.306108,-1.634045,1.771873,-0.512261,-1.106797
-0.148159,-0.240097,0.463112,-0.463096,-0.735612,0.735612,-0.479277,-0.306108,0.611978,-0.564374,-0.512261,0.903508
0.483188,-0.022177,-0.455372,-0.463096,-0.735612,0.735612,-0.479277,-0.306108,0.611978,1.771873,-0.512261,-1.106797
-1.425535,-0.263387,-0.455372,-0.463096,-0.735612,0.735612,2.086476,-0.306108,-1.634045,-0.564374,-0.512261,0.903508
-0.617998,-0.440159,-0.455372,-0.463096,1.359412,-1.359412,-0.479277,-0.306108,0.611978,-0.564374,-0.512261,0.903508
-1.939422,0.982329,-0.455372,2.006749,-0.735612,0.735612,-0.479277,-0.306108,0.611978,1.771873,-0.512261,-1.106797
-0.838236,-0.427074,-0.455372,-0.463096,-0.735612,0.735612,-0.479277,-0.306108,0.611978,-0.564374,1.952130,-1.106797
-1.058473,1.074007,-0.455372,-0.463096,1.359412,-1.359412,-0.479277,-0.306108,0.611978,1.771873,-0.512261,-1.106797
0.534577,-0.634460,-0.455372,-0.463096,-0.735612,0.735612,-0.479277,-0.306108,0.611978,-0.564374,1.952130,-1.106797
-0.471174,-0.446825,-0.455372,-0.463096,-0.735612,0.735612,-0.479277,-0.306108,0.611978,-0.564374,-0.512261,0.903508
-0.911648,1.516431,0.463112,-0.463096,-0.735612,0.735612,2.086476,-0.306108,-1.634045,1.771873,-0.512261,-1.106797
-0.471174,4.254340,-0.455372,0.771827,-0.735612,0.735612,2.086476,-0.306108,-1.634045,1.771873,-0.512261,-1.106797
1.364137,1.555603,0.463112,0.771827,-0.735612,0.735612,2.086476,-0.306108,-1.634045,1.771873,-0.512261,-1.106797
-1.131885,-0.491676,0.463112,0.771827,-0.735612,0.735612,2.086476,-0.306108,-1.634045,-0.564374,-0.512261,0.903508
-0.691411,-0.479331,-0.455372,-0.463096,-0.735612,0.735612,-0.479277,-0.306108,0.611978,-0.564374,-0.512261,0.903508
-0.236254,-0.499002,-0.455372,-0.463096,-0.735612,0.735612,-0.479277,3.266823,-1.634045,-0.564374,-0.512261,0.903508
0.703425,2.396588,-0.455372,-0.463096,1.359412,-1.359412,-0.479277,-0.306108,0.611978,1.771873,-0.512261,-1.106797
1.283384,-0.481390,-0.455372,-0.463096,1.359412,-1.359412,-0.479277,3.266823,-1.634045,-0.564374,-0.512261,0.903508
-0.324349,0.922911,-0.455372,-0.463096,1.359412,-1.359412,-0.479277,-0.306108,0.611978,1.771873,-0.512261,-1.106797
-0.838236,-0.475464,-0.455372,-0.463096,-0.735612,0.735612,-0.479277,-0.306108,0.611978,-0.564374,-0.512261,0.903508
-0.177524,0.295815,-0.455372,-0.463096,-0.735612,0.735612,-0.479277,-0.306108,0.611978,1.771873,-0.512261,-1.106797
1.878024,-0.110069,-0.455372,-0.463096,-0.735612,0.735612,-0.479277,-0.306108,0.611978,1.771873,-0.512261,-1.106797
-0.544586,-0.427074,-0.455372,-0.463096,-0.735612,0.735612,-0.479277,-0.306108,0.611978,-0.564374,1.952130,-1.106797
2.905798,-0.427074,-0.455372,-0.463096,-0.735612,0.735612,-0.479277,-0.306108,0.611978,-0.564374,1.952130,-1.106797
-0.258278,-0.481636,-0.455372,-0.463096,1.359412,-1.359412,-0.479277,3.266823,-1.634045,-0.564374,-0.512261,0.903508
-0.030699,-0.219688,2.300082,-0.463096,1.359412,-1.359412,-0.479277,-0.306108,0.611978,-0.564374,1.952130,-1.106797
0.703425,-0.323381,-0.455372,-0.463096,1.359412,-1.359412,-0.479277,-0.306108,0.611978,-0.564374,1.952130,-1.106797
-1.205298,1.735668,0.463112,2.006749,1.359412,-1.359412,-0.479277,-0.306108,0.611978,1.771873,-0.512261,-1.106797
-0.397761,-0.120933,-0.455372,0.771827,1.359412,-1.359412,-0.479277,-0.306108,0.611978,-0.564374,1.952130,-1.106797
-0.471174,-0.377696,-0.455372,-0.463096,1.359412,-1.359412,-0.479277,-0.306108,0.611978,-0.564374,1.952130,-1.106797
1.283384,-0.481390,-0.455372,-0.463096,1.359412,-1.359412,-0.479277,3.266823,-1.634045,-0.564374,-0.512261,0.903508
1.290725,0.044483,0.463112,3.241671,1.359412,-1.359412,-0.479277,-0.306108,0.611978,-0.564374,-0.512261,0.903508
-0.397761,-0.495215,-0.455372,-0.463096,-0.735612,0.735612,-0.479277,-0.306108,0.611978,-0.564374,-0.512261,0.903508
-2.086247,-0.120933,0.463112,0.771827,-0.735612,0.735612,-0.479277,-0.306108,0.611978,-0.564374,1.952130,-1.106797
0.534577,-0.634460,-0.455372,-0.463096,-0.735612,0.735612,-0.479277,-0.306108,0.611978,-0.564374,1.952130,-1.106797
0.395093,0.929824,-0.455372,-0.463096,1.359412,-1.359412,2.086476,-0.306108,-1.634045,1.771873,-0.512261,-1.106797
-1.866010,-0.014524,3.218567,2.006749,1.359412,-1.359412,-0.479277,-0.306108,0.611978,-0.564374,-0.512261,0.903508
-0.265619,-0.478510,-0.455372,-0.463096,-0.735612,0.735612,2.086476,-0.306108,-1.634045,-0.564374,-0.512261,0.903508
0.336363,-0.110069,-0.455372,-0.463096,-0.735612,0.735612,2.086476,-0.306108,-1.634045,1.771873,-0.512261,-1.106797
0.189538,1.143136,0.463112,-0.463096,1.359412,-1.359412,-0.479277,3.266823,-1.634045,1.771873,-0.512261,-1.106797
0.703425,-0.022177,-0.455372,-0.463096,-0.735612,0.735612,2.086476,-0.306108,-1.634045,1.771873,-0.512261,-1.106797
-0.838236,-0.501141,-0.455372,-0.463096,-0.735612,0.735612,-0.479277,3.266823,-1.634045,-0.564374,-0.512261,0.903508
0.292316,-0.348070,-0.455372,-0.463096,-0.735612,0.735612,-0.479277,-0.306108,0.611978,-0.564374,-0.512261,0.903508
2.245086,0.027201,-0.455372,-0.463096,-0.735612,0.735612,-0.479277,-0.306108,0.611978,1.771873,-0.512261,-1.106797
0.776838,2.022058,-0.455372,-0.463096,1.359412,-1.359412,2.086476,-0.306108,-1.634045,1.771873,-0.512261,-1.106797
-1.498948,-0.157472,-0.455372,2.006749,1.359412,-1.359412,-0.479277,-0.306108,0.611978,-0.564374,-0.512261,0.903508
-0.397761,-0.478510,-0.455372,-0.463096,-0.735612,0.735612,-0.479277,-0.306108,0.611978,-0.564374,-0.512261,0.903508
-1.572360,-0.320418,0.463112,0.771827,-0.735612,0.735612,-0.479277,-0.306108,0.611978,-0.564374,-0.512261,0.903508
0.189538,-0.478510,-0.455372,-0.463096,-0.735612,0.735612,-0.479277,-0.306108,0.611978,-0.564374,-0.512261,0.903508
0.534577,-0.634460,-0.455372,-0.463096,-0.735612,0.735612,-0.479277,-0.306108,0.611978,-0.564374,1.952130,-1.106797
-0.838236,-0.478510,-0.455372,-0.463096,-0.735612,0.735612,-0.479277,-0.306108,0.611978,-0.564374,-0.512261,0.903508
-0.691411,-0.480896,-0.455372,-0.463096,-0.735612,0.735612,-0.479277,-0.306108,0.611978,-0.564374,-0.512261,0.903508
-1.939422,-0.304617,0.463112,0.771827,1.359412,-1.359412,-0.479277,-0.306108,0.611978,-0.564374,-0.512261,0.903508
